symbol	category	status	target_address	extent_hex	region	sha256	evidence	requesters	detail
IPPU_FrameSync	named-program-data	RANGE_PROVED	0x35c268	0x1c	initialized	3addfb141cd7c9c4c6543a82191a3707ac29c7a041217782e61d4d91c691aee8	v87-target-address+minimum-consumed-extent	ps2/path_helpers_recovered.o	target bytes/zero-fill fingerprinted; extent remains the source-consumed minimum
Memory_ROMFramesPerSecond	named-program-data	RANGE_PROVED	0x3592fc	0x4	initialized	df3f619804a92fdb4057192dc43dd748ea778adc52bc498ce80524c014b81119	v87-target-address+minimum-consumed-extent	ps2/path_helpers_recovered.o	target bytes/zero-fill fingerprinted; extent remains the source-consumed minimum
Settings_SkipFrames	named-program-data	RANGE_PROVED	0x34551c	0x4	initialized	df3f619804a92fdb4057192dc43dd748ea778adc52bc498ce80524c014b81119	v87-target-address+minimum-consumed-extent	ps2/path_helpers_recovered.o	target bytes/zero-fill fingerprinted; extent remains the source-consumed minimum
embedded_amigamod_irx	embedded-binary	PRIVATE_BYTES_PROVED	0x1f6140	0x4e5d	initialized	25d8b8b8e0a9ec1a28ff944eb2a21f53b87125d4f7f74ddb5f93d4621005a3e3	v86-private-reference-provider	app/main_bootstrap.o	asset=amigamod_irx;section=.data.private_asset.amigamod_irx
embedded_amigamod_irx_size	embedded-binary	PRIVATE_BYTES_PROVED	0x1fafa0	0x4	initialized	454a2643aa688d41a46ff6d11adf4d9c701f0718c05ab963b4b0b8c4a7617633	v86-private-reference-provider	app/main_bootstrap.o	asset=amigamod_irx;section=.data.private_asset.amigamod_irx
embedded_cdvd_irx	embedded-binary	PRIVATE_BYTES_PROVED	0x1ec300	0x7dd4	initialized	0dbf147d0f0cb2a49c7d734e92df0570b079c52dde19478bc94b5283345050de	v86-private-reference-provider	app/main_bootstrap.o	asset=cdvd_irx;section=.data.private_asset.cdvd_irx
embedded_cdvd_irx_size	embedded-binary	PRIVATE_BYTES_PROVED	0x1f40d4	0x4	initialized	fe993420a01012ed848928aa03bf957b46ba7a0e1ea6b5b50c7f141f83bd8f9f	v86-private-reference-provider	app/main_bootstrap.o	asset=cdvd_irx;section=.data.private_asset.cdvd_irx
embedded_credits_bytes	embedded-binary	PRIVATE_BYTES_PROVED	0x2ec1f4	0x4	initialized	40f0d629a77b77ca67b43cc8c4726508365df5599d45e85fa17507bcaab7c861	v86-private-reference-provider	app/main_flow_recovered.o	asset=credits_text;section=.data.private_asset.credits_text
embedded_credits_xor	embedded-binary	PRIVATE_BYTES_PROVED	0x2ebc30	0x5c1	initialized	c0df5f69b9d92c4bfaee26e6b67aff543c84c245325c6bdae0559fda8dbbcf8c	v86-private-reference-provider	app/main_flow_recovered.o	asset=credits_text;section=.data.private_asset.credits_text
embedded_disclaimer_bytes	embedded-binary	PRIVATE_BYTES_PROVED	0x2ec53c	0x4	initialized	2d67029f556ec6b0a92a613d0873025ac2cf88b6cc7a49abee49676b2397fa7d	v86-private-reference-provider	app/main_flow_recovered.o	asset=disclaimer_text;section=.data.private_asset.disclaimer_text
embedded_disclaimer_xor	embedded-binary	PRIVATE_BYTES_PROVED	0x2ec200	0x33a	initialized	9c63830df59415ff015df28941d7724c28ea539c68b83e25cdf05a6f5d67c6ed	v86-private-reference-provider	app/main_flow_recovered.o	asset=disclaimer_text;section=.data.private_asset.disclaimer_text
embedded_sjpcm_irx	embedded-binary	PRIVATE_BYTES_PROVED	0x1f4100	0x1fc5	initialized	690d69decfd2abaed46a06c402be0b835d3329bb49a1012ecc29a7a4a9ad579f	v86-private-reference-provider	app/main_bootstrap.o	asset=sjpcm_irx;section=.data.private_asset.sjpcm_irx
embedded_sjpcm_irx_size	embedded-binary	PRIVATE_BYTES_PROVED	0x1f60c8	0x4	initialized	d8926183c70a5586d138c53014b43de1f484cf88efa96c36bfdbe34ab12b4a08	v86-private-reference-provider	app/main_bootstrap.o	asset=sjpcm_irx;section=.data.private_asset.sjpcm_irx
g_Memory	named-program-data	RANGE_PROVED	0x35e2b0	0x4	initialized	df3f619804a92fdb4057192dc43dd748ea778adc52bc498ce80524c014b81119	v87-target-address+minimum-consumed-extent	app/main_flow_recovered.o	target bytes/zero-fill fingerprinted; extent remains the source-consumed minimum
g_Settings_blob	named-program-data	RANGE_PROVED	0x3454e0	0x148	initialized	7b4499c3cc6e82a9da3100028f52af7f8c1e9ee60e33010a108e401989782962	v87-target-address+minimum-consumed-extent	app/main_flow_recovered.o	target bytes/zero-fill fingerprinted; extent remains the source-consumed minimum
g_apu_state_00345498	named-program-data	RANGE_PROVED	0x345498	0x28	initialized	2c34ce1df23b838c5abf2a7f6437cca3d3067ed509ff25f11df6b11b582b51eb	reviewed-source-structure	snes9x/apu_alloc_recovered.o	address-labelled APU state has a source-proved minimum extent through field +0x24;evidence=src/snes9x/apu_alloc_recovered.c#struct RecoveredApuBufferState_00345498
g_bg_bitshift	named-program-data	RANGE_PROVED	0x35d454	0x4	initialized	df3f619804a92fdb4057192dc43dd748ea778adc52bc498ce80524c014b81119	v87-target-address+minimum-consumed-extent	snes9x/tile_converter_recovered.o	target bytes/zero-fill fingerprinted; extent remains the source-consumed minimum
g_bg_blob	named-program-data	RANGE_PROVED	0x35d450	0x30	initialized	17b0761f87b081d5cf10757ccc89f12be355c70e2e29df288b65b30710dcbcd1	v87-target-address+minimum-consumed-extent	snes9x/draw_large_pixel_recovered.o;snes9x/tile_16bit_recovered.o;snes9x/tile_color_math_recovered.o;snes9x/tile_draw_clipped_recovered.o;snes9x/tile_draw_recovered.o;snes9x/tile_large16_recovered.o;snes9x/tile_scaled_remaining_recovered.o;snes9x/tile_x2_recovered.o	target bytes/zero-fill fingerprinted; extent remains the source-consumed minimum
g_direct_colour_maps	named-program-data	RANGE_PROVED	0x3f2f80	0x1000	initialized	ad7facb2586fc6e966c004d7d1d16b024f5805ff7cb47c7a85dabd8b48892ca7	v87-target-address+minimum-consumed-extent	snes9x/draw_large_pixel_recovered.o;snes9x/tile_16bit_recovered.o;snes9x/tile_color_math_recovered.o;snes9x/tile_draw_clipped_recovered.o;snes9x/tile_draw_recovered.o;snes9x/tile_large16_recovered.o;snes9x/tile_scaled_remaining_recovered.o;snes9x/tile_x2_recovered.o	target bytes/zero-fill fingerprinted; extent remains the source-consumed minimum
g_direct_colour_maps_need_rebuild	named-program-data	RANGE_PROVED	0x35c26f	0x1	initialized	6e340b9cffb37a989ca544e6bb780a2c78901d3fb33738768511a30617afa01d	v87-target-address+minimum-consumed-extent	snes9x/draw_large_pixel_recovered.o;snes9x/tile_16bit_recovered.o;snes9x/tile_color_math_recovered.o;snes9x/tile_draw_clipped_recovered.o;snes9x/tile_draw_recovered.o;snes9x/tile_large16_recovered.o;snes9x/tile_scaled_remaining_recovered.o;snes9x/tile_x2_recovered.o	target bytes/zero-fill fingerprinted; extent remains the source-consumed minimum
g_even_high	named-program-data	RANGE_PROVED	0x35fba0	0x100	initialized	5341e6b2646979a70e57653007a1f310169421ec9bdd9f1a5648f75ade005af1	v87-target-address+minimum-consumed-extent	snes9x/tile_converter_recovered.o;snes9x/tile_lookup_tables_recovered.o	target bytes/zero-fill fingerprinted; extent remains the source-consumed minimum
g_even_low	named-program-data	RANGE_PROVED	0x35fca0	0x100	initialized	5341e6b2646979a70e57653007a1f310169421ec9bdd9f1a5648f75ade005af1	v87-target-address+minimum-consumed-extent	snes9x/tile_converter_recovered.o;snes9x/tile_lookup_tables_recovered.o	target bytes/zero-fill fingerprinted; extent remains the source-consumed minimum
g_fillram_0034e2c4	named-program-data	RANGE_PROVED	0x34e2c4	0x4	initialized	df3f619804a92fdb4057192dc43dd748ea778adc52bc498ce80524c014b81119	reviewed-source-pointer	ps2/progress22_more_small_helpers_recovered.o	address-labelled object is a four-byte EE pointer;evidence=src/ps2/progress22_more_small_helpers_recovered.c#extern uint8_t *g_fillram_0034e2c4
g_frontend_driver_001bb2c0	named-program-data	RANGE_PROVED	0x1bb2c0	0x4	initialized	df3f619804a92fdb4057192dc43dd748ea778adc52bc498ce80524c014b81119	reviewed-source-pointer	ps2/progress11_frontend_recovered.o;ps2/progress22_more_small_helpers_recovered.o	address-labelled frontend driver slot is a four-byte EE pointer;evidence=src/ps2/progress22_more_small_helpers_recovered.c#extern void *g_frontend_driver_001bb2c0
g_frontend_font_001bb748	named-program-data	ADDRESS_PROVED	0x1bb748		address-only		reviewed-address-labelled-source	ps2/progress22_more_small_helpers_recovered.o	font object address is known but its complete historical extent is not;evidence=src/ps2/progress22_more_small_helpers_recovered.c#extern unsigned char g_frontend_font_001bb748[]
g_gfx_blob	named-program-data	RANGE_PROVED	0x35d480	0x50	initialized	5b6fb58e61fa475939767d68a446f97f1bff02c0e5935a3ea8bb51e6515783d8	v87-target-address+minimum-consumed-extent	snes9x/draw_large_pixel_recovered.o;snes9x/tile_16bit_recovered.o;snes9x/tile_color_math_recovered.o;snes9x/tile_draw_clipped_recovered.o;snes9x/tile_draw_recovered.o;snes9x/tile_large16_recovered.o;snes9x/tile_pixel_helpers_recovered.o;snes9x/tile_scaled_remaining_recovered.o;snes9x/tile_x2_recovered.o	target bytes/zero-fill fingerprinted; extent remains the source-consumed minimum
g_head_mask	named-program-data	RANGE_PROVED	0x3f4040	0x10	initialized	85dac6342db59db97bc6795d0cde6b90fe1bcd64bc75710042efeb566fbc0ed7	v87-target-address+minimum-consumed-extent	snes9x/tile_16bit_recovered.o;snes9x/tile_color_math_recovered.o;snes9x/tile_draw_clipped_recovered.o;snes9x/tile_scaled_remaining_recovered.o	target bytes/zero-fill fingerprinted; extent remains the source-consumed minimum
g_loaded_rom_path	named-program-data	RANGE_PROVED	0x35b328	0x800	initialized	e5a00aa9991ac8a5ee3109844d84a55583bd20572ad3ffcd42792f3c36b183ad	v87-target-address+minimum-consumed-extent	ps2/path_helpers_recovered.o	target bytes/zero-fill fingerprinted; extent remains the source-consumed minimum
g_memory_card_available	named-program-data	RANGE_PROVED	0x1ebaec	0x4	initialized	df3f619804a92fdb4057192dc43dd748ea778adc52bc498ce80524c014b81119	reviewed-target-store	app/main_flow_recovered.o	main stores the memory-card setup result through lui 0x1f plus signed offset -0x4514;evidence=analysis/functions/main_tail_00105060.asm#105190: ec ba 62 ac
g_memory_state_001c3ab0	named-program-data	ADDRESS_PROVED	0x1c3ab0		address-only		reviewed-address-labelled-source	ps2/libmtap_recovered.o	memory object address is known but its complete historical extent is not;evidence=src/ps2/libmtap_recovered.c#extern unsigned char g_memory_state_001c3ab0[]
g_memory_vram	named-program-data	RANGE_PROVED	0x34e2b8	0x4	initialized	df3f619804a92fdb4057192dc43dd748ea778adc52bc498ce80524c014b81119	v87-target-address+minimum-consumed-extent	snes9x/tile_converter_recovered.o	target bytes/zero-fill fingerprinted; extent remains the source-consumed minimum
g_odd_high	named-program-data	RANGE_PROVED	0x35f9a0	0x100	initialized	5341e6b2646979a70e57653007a1f310169421ec9bdd9f1a5648f75ade005af1	v87-target-address+minimum-consumed-extent	snes9x/tile_converter_recovered.o;snes9x/tile_lookup_tables_recovered.o	target bytes/zero-fill fingerprinted; extent remains the source-consumed minimum
g_odd_low	named-program-data	RANGE_PROVED	0x35faa0	0x100	initialized	5341e6b2646979a70e57653007a1f310169421ec9bdd9f1a5648f75ade005af1	v87-target-address+minimum-consumed-extent	snes9x/tile_converter_recovered.o;snes9x/tile_lookup_tables_recovered.o	target bytes/zero-fill fingerprinted; extent remains the source-consumed minimum
g_p12_memory	named-program-data	RANGE_PROVED	0x34e2b0	0x1b078	initialized	dbddd7ba01fe40175b78a2c8c2fa3fed2b54ffc3d334f8072cb711dbc61b5823	v87-target-address+minimum-consumed-extent	ps2/progress12_io_state_recovered.o	target bytes/zero-fill fingerprinted; extent remains the source-consumed minimum
g_p12_sdd1_dat_extension	named-program-data	RANGE_PROVED	0x1b8050	0x5	initialized	34acd0f3d95aa0c3b8aa4cd4c2f94d09911d433c6a3a6a0c653f639007c21fd5	v87-target-address+minimum-consumed-extent	ps2/progress12_io_state_recovered.o	target bytes/zero-fill fingerprinted; extent remains the source-consumed minimum
g_p21_state_extension_prefix_001b1348	named-program-data	RANGE_PROVED	0x1b1348	0x2	initialized	f1534392279bddbf9d43dde8701cb5be14b82f76ec6607bf8d6ad557f60f304e	reviewed-source-array	ps2/progress21_small_helpers_recovered.o	two-byte state extension prefix is explicitly consumed;evidence=src/ps2/progress21_small_helpers_recovered.c#extern const char g_p21_state_extension_prefix_001b1348[2]
g_p21_toc_anchor_00427010	named-program-data	RANGE_PROVED	0x427010	0x4	zero-fill	df3f619804a92fdb4057192dc43dd748ea778adc52bc498ce80524c014b81119	reviewed-source-pointer	ps2/progress21_small_helpers_recovered.o	TOC anchor is a four-byte EE pointer slot in zero-fill memory;evidence=src/ps2/progress21_small_helpers_recovered.c#extern const uint8_t *g_p21_toc_anchor_00427010
g_screen_colors	named-program-data	RANGE_PROVED	0x35ceb0	0x200	initialized	076a27c79e5ace2a3d47f9dd2e83e4ff6ea8872b3c2218f66c92b89b55f36560	v87-target-address+minimum-consumed-extent	snes9x/draw_large_pixel_recovered.o;snes9x/tile_16bit_recovered.o;snes9x/tile_color_math_recovered.o;snes9x/tile_draw_clipped_recovered.o;snes9x/tile_draw_recovered.o;snes9x/tile_large16_recovered.o;snes9x/tile_scaled_remaining_recovered.o;snes9x/tile_x2_recovered.o	target bytes/zero-fill fingerprinted; extent remains the source-consumed minimum
g_selected_rom_path	named-program-data	RANGE_PROVED	0x428180	0x400	zero-fill	5f70bf18a086007016e948b04aed3b82103a36bea41755b6cddfaf10ace3c6ef	v87-target-address+minimum-consumed-extent	app/main_flow_recovered.o	target bytes/zero-fill fingerprinted; extent remains the source-consumed minimum
g_settings_54	named-program-data	RANGE_PROVED	0x345534	0x1	initialized	6e340b9cffb37a989ca544e6bb780a2c78901d3fb33738768511a30617afa01d	v87-target-address+minimum-consumed-extent	snes9x/sram_recovered.o	target bytes/zero-fill fingerprinted; extent remains the source-consumed minimum
g_settings_64	named-program-data	RANGE_PROVED	0x345544	0x1	initialized	6e340b9cffb37a989ca544e6bb780a2c78901d3fb33738768511a30617afa01d	v87-target-address+minimum-consumed-extent	snes9x/sram_recovered.o	target bytes/zero-fill fingerprinted; extent remains the source-consumed minimum
g_settings_66	named-program-data	RANGE_PROVED	0x345546	0x1	initialized	6e340b9cffb37a989ca544e6bb780a2c78901d3fb33738768511a30617afa01d	v87-target-address+minimum-consumed-extent	snes9x/sram_recovered.o	target bytes/zero-fill fingerprinted; extent remains the source-consumed minimum
g_shrink_workspace_recovered	named-program-data	RANGE_PROVED	0x448200	0x6000	zero-fill	de676bae28a480011d3d012db14bef539324e62a841a9627863c689bea168af3	reviewed-target-workspace	unzip/unshrink_recovered.o	unShrink constructs the shared dictionary base with lui 0x45 plus signed offset -0x7e00;evidence=analysis/functions/unshrink_0018ea64.asm#18eab0: 00 82 42 24
g_special_load_flag	named-program-data	RANGE_PROVED	0x345544	0x1	initialized	6e340b9cffb37a989ca544e6bb780a2c78901d3fb33738768511a30617afa01d	v87-target-address+minimum-consumed-extent	snes9x/sram_recovered.o	target bytes/zero-fill fingerprinted; extent remains the source-consumed minimum
g_special_save_enable	named-program-data	RANGE_PROVED	0x35b328	0x1	initialized	6e340b9cffb37a989ca544e6bb780a2c78901d3fb33738768511a30617afa01d	v87-target-address+minimum-consumed-extent	snes9x/sram_recovered.o	target bytes/zero-fill fingerprinted; extent remains the source-consumed minimum
g_sram	named-program-data	RANGE_PROVED	0x34e298	0x4	initialized	df3f619804a92fdb4057192dc43dd748ea778adc52bc498ce80524c014b81119	v87-target-address+minimum-consumed-extent	snes9x/sram_recovered.o	target bytes/zero-fill fingerprinted; extent remains the source-consumed minimum
g_sram_initial_value	named-program-data	RANGE_PROVED	0x35b73c	0x1	initialized	6e340b9cffb37a989ca544e6bb780a2c78901d3fb33738768511a30617afa01d	v87-target-address+minimum-consumed-extent	snes9x/sram_recovered.o	target bytes/zero-fill fingerprinted; extent remains the source-consumed minimum
g_sram_size	named-program-data	RANGE_PROVED	0x34e2d4	0x1	initialized	6e340b9cffb37a989ca544e6bb780a2c78901d3fb33738768511a30617afa01d	v87-target-address+minimum-consumed-extent	snes9x/sram_recovered.o	target bytes/zero-fill fingerprinted; extent remains the source-consumed minimum
g_state_003454e0	named-program-data	RANGE_PROVED	0x3454e0	0x148	initialized	7b4499c3cc6e82a9da3100028f52af7f8c1e9ee60e33010a108e401989782962	reviewed-overlap-alias	ps2/progress22_more_small_helpers_recovered.o	address-labelled state aliases the complete settings blob at the same address;evidence=src/app/main_flow_recovered.c#extern uint8_t g_Settings_blob[0x148]
g_tail_mask	named-program-data	RANGE_PROVED	0x3f4050	0x14	initialized	16df5cb86fb8848705fd6ab9751f9ab89f745abd9664febd0e0802665f770ecd	v87-target-address+minimum-consumed-extent	snes9x/tile_16bit_recovered.o;snes9x/tile_color_math_recovered.o;snes9x/tile_draw_clipped_recovered.o;snes9x/tile_scaled_remaining_recovered.o	target bytes/zero-fill fingerprinted; extent remains the source-consumed minimum
g_tile_cache_state	named-program-data	RANGE_PROVED	0x35c268	0x34	initialized	7955cb2de90dd9efc6df9fdbf5f5d10c114f4135a9a6b52db1003be749e32f7a	v87-target-address+minimum-consumed-extent	snes9x/memory_init_recovered.o	target bytes/zero-fill fingerprinted; extent remains the source-consumed minimum
g_unz_ops_recovered	named-program-data	SOURCE_REFACTOR		0x18	source-refactor		reviewed-synthetic-adapter	unzip/unzip_api_recovered.o	target calls fioRead directly and contains no six-function operation-table object;evidence=analysis/functions/unzip_api_0018f010.asm#18f02c: 48 74 06 0c
g_zip_io_recovered	named-program-data	SOURCE_REFACTOR		0xa040	source-refactor		reviewed-synthetic-adapter	unzip/explode_recovered.o;unzip/unreduce_recovered.o;unzip/unshrink_recovered.o	target state is split between a pointer slot scalar globals and the shared 0x448200 workspace rather than one contiguous adapter;evidence=analysis/functions/unzip_io_huft_0018dc60.asm#18dc7c: 50 48 24 8e
snes_vtable_00426c28	vtable-or-rtti	ADDRESS_PROVED	0x426c28		address-only		reviewed-address-labelled-source	ps2/address_leaf_recovered.o	vtable address is known but its complete entry count and overlap boundary remain unproved;evidence=src/ps2/address_leaf_recovered.c#extern char snes_vtable_00426c28[]
