symbol	category	provider_kind	resolution_kind	target_address	target_symbol	storage_size_hex	evidence	requesters	detail
EI	named-external	link-contract	compatibility-runtime-shim				deterministic-ee-source-model-shim	ps2/progress28_structural_lift_recovered.o	linkable compatibility implementation; historical archive-member identity is not claimed
FUN_0012e750	target-function-alias	source-address-alias	absolute-target-anchor	0x0012e750			address-encoded-low-level-name	ps2/progress28_structural_lift_recovered.o	zero-byte address contract retained from the structural lift
FUN_0012f744	target-function-alias	source-address-alias	absolute-target-anchor	0x0012f744			address-encoded-low-level-name	ps2/progress28_structural_lift_recovered.o	zero-byte address contract retained from the structural lift
FUN_00142a78	target-function-alias	source-address-alias	absolute-target-anchor	0x00142a78			address-encoded-low-level-name	ps2/progress28_structural_lift_recovered.o	zero-byte address contract retained from the structural lift
FUN_0016fc90	target-function-alias	source-address-alias	absolute-target-anchor	0x0016fc90			address-encoded-low-level-name	ps2/progress28_structural_lift_recovered.o	zero-byte address contract retained from the structural lift
FUN_0016fe00	target-function-alias	source-address-alias	absolute-target-anchor	0x0016fe00			address-encoded-low-level-name	ps2/progress28_structural_lift_recovered.o	zero-byte address contract retained from the structural lift
FUN_001a5cc0	target-function-alias	source-address-alias	absolute-target-anchor	0x001a5cc0			address-encoded-low-level-name	ps2/progress28_structural_lift_recovered.o	zero-byte address contract retained from the structural lift
FUN_001a5dd0	target-function-alias	source-address-alias	absolute-target-anchor	0x001a5dd0			address-encoded-low-level-name	ps2/progress28_structural_lift_recovered.o	zero-byte address contract retained from the structural lift
FUN_001a6348	target-function-alias	source-address-alias	absolute-target-anchor	0x001a6348			address-encoded-low-level-name	ps2/progress28_structural_lift_recovered.o	zero-byte address contract retained from the structural lift
FUN_001a6410	target-function-alias	source-address-alias	absolute-target-anchor	0x001a6410			address-encoded-low-level-name	ps2/progress28_structural_lift_recovered.o	zero-byte address contract retained from the structural lift
FUN_001a91b0	target-function-alias	source-address-alias	absolute-target-anchor	0x001a91b0			address-encoded-low-level-name	ps2/progress28_structural_lift_recovered.o	zero-byte address contract retained from the structural lift
FUN_001a9268	target-function-alias	source-address-alias	absolute-target-anchor	0x001a9268			address-encoded-low-level-name	ps2/progress28_structural_lift_recovered.o	zero-byte address contract retained from the structural lift
FUN_001a92a8	target-function-alias	source-address-alias	absolute-target-anchor	0x001a92a8			address-encoded-low-level-name	ps2/progress28_structural_lift_recovered.o	zero-byte address contract retained from the structural lift
FUN_001a9308	target-function-alias	source-address-alias	absolute-target-anchor	0x001a9308			address-encoded-low-level-name	ps2/progress28_structural_lift_recovered.o	zero-byte address contract retained from the structural lift
FUN_001a9d08	target-function-alias	source-address-alias	absolute-target-anchor	0x001a9d08			address-encoded-low-level-name	ps2/progress28_structural_lift_recovered.o	zero-byte address contract retained from the structural lift
IPPU_FrameSync	named-program-data	program-data	compatibility-storage	0x0035c268		0x1c	requester-type-and-minimum-complete-extent	ps2/path_helpers_recovered.o	zero-initialized compatibility storage only; exact initializer and final placement remain data-layout gates
Memory_ROMFramesPerSecond	named-program-data	program-data	compatibility-storage	0x003592fc		0x4	requester-type-and-minimum-complete-extent	ps2/path_helpers_recovered.o	zero-initialized compatibility storage only; exact initializer and final placement remain data-layout gates
PTR_DAT_001bb31c	named-external	link-contract	absolute-target-anchor	0x001bb31c			address-encoded-low-level-name	ps2/progress28_structural_lift_recovered.o	zero-byte address contract retained from the structural lift
PTR_DAT_003f4918	named-external	link-contract	absolute-target-anchor	0x003f4918			address-encoded-low-level-name	ps2/progress28_structural_lift_recovered.o	zero-byte address contract retained from the structural lift
PTR_DAT_003f4958	named-external	link-contract	absolute-target-anchor	0x003f4958			address-encoded-low-level-name	ps2/progress28_structural_lift_recovered.o	zero-byte address contract retained from the structural lift
PTR_DAT_003f4bf8	named-external	link-contract	absolute-target-anchor	0x003f4bf8			address-encoded-low-level-name	ps2/progress28_structural_lift_recovered.o	zero-byte address contract retained from the structural lift
PTR_FUN_003367f8	named-external	link-contract	absolute-target-anchor	0x003367f8			address-encoded-low-level-name	ps2/progress28_structural_lift_recovered.o	zero-byte address contract retained from the structural lift
PTR_FUN_00341658	named-external	link-contract	absolute-target-anchor	0x00341658			address-encoded-low-level-name	ps2/progress28_structural_lift_recovered.o	zero-byte address contract retained from the structural lift
PTR_FUN_0034165c	named-external	link-contract	absolute-target-anchor	0x0034165c			address-encoded-low-level-name	ps2/progress28_structural_lift_recovered.o	zero-byte address contract retained from the structural lift
PTR_FUN_003fa628	named-external	link-contract	absolute-target-anchor	0x003fa628			address-encoded-low-level-name	ps2/progress28_structural_lift_recovered.o	zero-byte address contract retained from the structural lift
PTR_FUN_003fa62c	named-external	link-contract	absolute-target-anchor	0x003fa62c			address-encoded-low-level-name	ps2/progress28_structural_lift_recovered.o	zero-byte address contract retained from the structural lift
PTR_FUN_004134f0	named-external	link-contract	absolute-target-anchor	0x004134f0			address-encoded-low-level-name	ps2/progress28_structural_lift_recovered.o	zero-byte address contract retained from the structural lift
PTR_FUN_00426d80	named-external	link-contract	absolute-target-anchor	0x00426d80			address-encoded-low-level-name	ps2/progress28_structural_lift_recovered.o	zero-byte address contract retained from the structural lift
PTR_LAB_0033594e	named-external	link-contract	absolute-target-anchor	0x0033594e			address-encoded-low-level-name	ps2/progress28_structural_lift_recovered.o	zero-byte address contract retained from the structural lift
PTR_LAB_00343b30	named-external	link-contract	absolute-target-anchor	0x00343b30			address-encoded-low-level-name	ps2/progress28_structural_lift_recovered.o	zero-byte address contract retained from the structural lift
PTR_LAB_00343b44	named-external	link-contract	absolute-target-anchor	0x00343b44			address-encoded-low-level-name	ps2/progress28_structural_lift_recovered.o	zero-byte address contract retained from the structural lift
PTR_LAB_00411010	named-external	link-contract	absolute-target-anchor	0x00411010			address-encoded-low-level-name	ps2/progress28_structural_lift_recovered.o	zero-byte address contract retained from the structural lift
PTR_s_________________00344d30	named-external	link-contract	absolute-target-anchor	0x00344d30			address-encoded-low-level-name	ps2/progress28_structural_lift_recovered.o	zero-byte address contract retained from the structural lift
REG_GS_CSR	named-external	link-contract	absolute-target-anchor	0x12001000			reviewed-target-or-hardware-address	ps2/progress28_structural_lift_recovered.o	reviewed low-level address binding; no storage bytes emitted
S9xSync_AudioActive	named-external	link-contract	compatibility-storage	0x001ebd40		0x1	requester-type-and-minimum-complete-extent	ps2/path_helpers_recovered.o	zero-initialized compatibility storage only; exact initializer and final placement remain data-layout gates
S9xSync_AudioArg0	named-external	link-contract	compatibility-storage	0x001ebae4		0x4	requester-type-and-minimum-complete-extent	ps2/path_helpers_recovered.o	zero-initialized compatibility storage only; exact initializer and final placement remain data-layout gates
S9xSync_AudioArg1	named-external	link-contract	compatibility-storage	0x001ebae0		0x4	requester-type-and-minimum-complete-extent	ps2/path_helpers_recovered.o	zero-initialized compatibility storage only; exact initializer and final placement remain data-layout gates
S9xSync_AudioStep	named-external	link-contract	semantic-text-alias		snes_dispatch_00176578		reviewed-existing-global-text	ps2/path_helpers_recovered.o	source-model contract bound to an already recovered target entry
S9xSync_AutoFrameLatch	named-external	link-contract	compatibility-storage	0x001baf18		0x4	requester-type-and-minimum-complete-extent	ps2/path_helpers_recovered.o	zero-initialized compatibility storage only; exact initializer and final placement remain data-layout gates
S9xSync_PeriodCounter	named-external	link-contract	compatibility-storage	0x001bbd48		0x8	requester-type-and-minimum-complete-extent	ps2/path_helpers_recovered.o	zero-initialized compatibility storage only; exact initializer and final placement remain data-layout gates
S9xSync_PeriodPrevious	named-external	link-contract	compatibility-storage	0x001bbd50		0x4	requester-type-and-minimum-complete-extent	ps2/path_helpers_recovered.o	zero-initialized compatibility storage only; exact initializer and final placement remain data-layout gates
S9xSync_PeriodValue	named-external	link-contract	compatibility-storage	0x001bbd54		0x4	requester-type-and-minimum-complete-extent	ps2/path_helpers_recovered.o	zero-initialized compatibility storage only; exact initializer and final placement remain data-layout gates
S9xSync_SetVolume	named-external	link-contract	semantic-text-alias		SjPCM_Setvol_001078f8		reviewed-existing-global-text	ps2/path_helpers_recovered.o	source-model contract bound to an already recovered target entry
SQRT	named-external	link-contract	compatibility-runtime-shim				deterministic-ee-source-model-shim	ps2/progress28_structural_lift_recovered.o	linkable compatibility implementation; historical archive-member identity is not claimed
SUB_00002214	named-external	link-contract	absolute-target-anchor	0x00002214			address-encoded-low-level-name	ps2/progress28_structural_lift_recovered.o	zero-byte address contract retained from the structural lift
Settings_SkipFrames	named-program-data	program-data	compatibility-storage	0x0034551c		0x4	requester-type-and-minimum-complete-extent	ps2/path_helpers_recovered.o	zero-initialized compatibility storage only; exact initializer and final placement remain data-layout gates
__ashlti3	compiler-runtime	historical-archive	compatibility-runtime-shim				deterministic-ee-source-model-shim	ps2/progress28_structural_lift_recovered.o	linkable compatibility implementation; historical archive-member identity is not claimed
__fixunssfdi	compiler-runtime	historical-archive	compatibility-runtime-shim				deterministic-ee-source-model-shim	ps2/libgcc_runtime_recovered.o;ps2/progress28_structural_lift_recovered.o	linkable compatibility implementation; historical archive-member identity is not claimed
__lshrti3	compiler-runtime	historical-archive	compatibility-runtime-shim				deterministic-ee-source-model-shim	ps2/progress28_structural_lift_recovered.o	linkable compatibility implementation; historical archive-member identity is not claimed
_auStack_10e4	named-external	link-contract	compatibility-storage			0x8	requester-type-and-minimum-complete-extent	ps2/progress28_structural_lift_recovered.o	zero-initialized compatibility storage only; exact initializer and final placement remain data-layout gates
abort	c-runtime	historical-archive	semantic-text-alias		snes_fatal_spin_00107578		reviewed-existing-global-text	ps2/gcc_fde_runtime_recovered.o;ps2/gcc_unwind_pe_recovered.o	source-model contract bound to an already recovered target entry
bRam0042c800	named-external	link-contract	absolute-target-anchor	0x0042c800			address-encoded-low-level-name	ps2/progress28_structural_lift_recovered.o	zero-byte address contract retained from the structural lift
bRam0042c801	named-external	link-contract	absolute-target-anchor	0x0042c801			address-encoded-low-level-name	ps2/progress28_structural_lift_recovered.o	zero-byte address contract retained from the structural lift
bRam0042e888	named-external	link-contract	absolute-target-anchor	0x0042e888			address-encoded-low-level-name	ps2/progress28_structural_lift_recovered.o	zero-byte address contract retained from the structural lift
cRam00426e2a	named-external	link-contract	absolute-target-anchor	0x00426e2a			address-encoded-low-level-name	ps2/progress28_structural_lift_recovered.o	zero-byte address contract retained from the structural lift
cRam00447700	named-external	link-contract	absolute-target-anchor	0x00447700			address-encoded-low-level-name	ps2/progress28_structural_lift_recovered.o	zero-byte address contract retained from the structural lift
cRam1fc7ff52	named-external	link-contract	absolute-target-anchor	0x1fc7ff52			address-encoded-low-level-name	ps2/progress28_structural_lift_recovered.o	zero-byte address contract retained from the structural lift
crc_table_001c8a80	named-external	link-contract	absolute-target-anchor	0x001c8a80			address-encoded-low-level-name	zlib/crc32_recovered.o	zero-byte address contract retained from the structural lift
errno	named-external	link-contract	compatibility-storage			0x4	requester-type-and-minimum-complete-extent	ps2/newlib_mathfp_recovered.o	zero-initialized compatibility storage only; exact initializer and final placement remain data-layout gates
fRam0042c804	named-external	link-contract	absolute-target-anchor	0x0042c804			address-encoded-low-level-name	ps2/progress28_structural_lift_recovered.o	zero-byte address contract retained from the structural lift
fRam0042c808	named-external	link-contract	absolute-target-anchor	0x0042c808			address-encoded-low-level-name	ps2/progress28_structural_lift_recovered.o	zero-byte address contract retained from the structural lift
fRam0042c80c	named-external	link-contract	absolute-target-anchor	0x0042c80c			address-encoded-low-level-name	ps2/progress28_structural_lift_recovered.o	zero-byte address contract retained from the structural lift
fRam0042c810	named-external	link-contract	absolute-target-anchor	0x0042c810			address-encoded-low-level-name	ps2/progress28_structural_lift_recovered.o	zero-byte address contract retained from the structural lift
fRam0042c814	named-external	link-contract	absolute-target-anchor	0x0042c814			address-encoded-low-level-name	ps2/progress28_structural_lift_recovered.o	zero-byte address contract retained from the structural lift
fRam0042c818	named-external	link-contract	absolute-target-anchor	0x0042c818			address-encoded-low-level-name	ps2/progress28_structural_lift_recovered.o	zero-byte address contract retained from the structural lift
fRam0042c81c	named-external	link-contract	absolute-target-anchor	0x0042c81c			address-encoded-low-level-name	ps2/progress28_structural_lift_recovered.o	zero-byte address contract retained from the structural lift
fixed_td_00425870	named-external	link-contract	absolute-target-anchor	0x00425870			address-encoded-low-level-name	zlib/inftrees_recovered.o	zero-byte address contract retained from the structural lift
fixed_tl_00424870	named-external	link-contract	absolute-target-anchor	0x00424870			address-encoded-low-level-name	zlib/inftrees_recovered.o	zero-byte address contract retained from the structural lift
g_Memory	named-program-data	program-data	compatibility-storage	0x0035e2b0		0x4	requester-type-and-minimum-complete-extent	app/main_flow_recovered.o	zero-initialized compatibility storage only; exact initializer and final placement remain data-layout gates
g_Settings_blob	named-program-data	program-data	compatibility-storage	0x003454e0		0x148	requester-type-and-minimum-complete-extent	app/main_flow_recovered.o	zero-initialized compatibility storage only; exact initializer and final placement remain data-layout gates
g_bg_bitshift	named-program-data	program-data	compatibility-storage	0x0035d454		0x4	requester-type-and-minimum-complete-extent	snes9x/tile_converter_recovered.o	zero-initialized compatibility storage only; exact initializer and final placement remain data-layout gates
g_bg_blob	named-program-data	program-data	compatibility-storage	0x0035d450		0x30	requester-type-and-minimum-complete-extent	snes9x/draw_large_pixel_recovered.o;snes9x/tile_16bit_recovered.o;snes9x/tile_color_math_recovered.o;snes9x/tile_draw_clipped_recovered.o;snes9x/tile_draw_recovered.o;snes9x/tile_large16_recovered.o;snes9x/tile_scaled_remaining_recovered.o;snes9x/tile_x2_recovered.o	zero-initialized compatibility storage only; exact initializer and final placement remain data-layout gates
g_direct_colour_maps	named-program-data	program-data	compatibility-storage	0x003f2f80		0x1000	requester-type-and-minimum-complete-extent	snes9x/draw_large_pixel_recovered.o;snes9x/tile_16bit_recovered.o;snes9x/tile_color_math_recovered.o;snes9x/tile_draw_clipped_recovered.o;snes9x/tile_draw_recovered.o;snes9x/tile_large16_recovered.o;snes9x/tile_scaled_remaining_recovered.o;snes9x/tile_x2_recovered.o	zero-initialized compatibility storage only; exact initializer and final placement remain data-layout gates
g_direct_colour_maps_need_rebuild	named-program-data	program-data	compatibility-storage	0x0035c26f		0x1	requester-type-and-minimum-complete-extent	snes9x/draw_large_pixel_recovered.o;snes9x/tile_16bit_recovered.o;snes9x/tile_color_math_recovered.o;snes9x/tile_draw_clipped_recovered.o;snes9x/tile_draw_recovered.o;snes9x/tile_large16_recovered.o;snes9x/tile_scaled_remaining_recovered.o;snes9x/tile_x2_recovered.o	zero-initialized compatibility storage only; exact initializer and final placement remain data-layout gates
g_even_high	named-program-data	program-data	compatibility-storage	0x0035fba0		0x100	requester-type-and-minimum-complete-extent	snes9x/tile_converter_recovered.o;snes9x/tile_lookup_tables_recovered.o	zero-initialized compatibility storage only; exact initializer and final placement remain data-layout gates
g_even_low	named-program-data	program-data	compatibility-storage	0x0035fca0		0x100	requester-type-and-minimum-complete-extent	snes9x/tile_converter_recovered.o;snes9x/tile_lookup_tables_recovered.o	zero-initialized compatibility storage only; exact initializer and final placement remain data-layout gates
g_gfx_blob	named-program-data	program-data	compatibility-storage	0x0035d480		0x50	requester-type-and-minimum-complete-extent	snes9x/draw_large_pixel_recovered.o;snes9x/tile_16bit_recovered.o;snes9x/tile_color_math_recovered.o;snes9x/tile_draw_clipped_recovered.o;snes9x/tile_draw_recovered.o;snes9x/tile_large16_recovered.o;snes9x/tile_pixel_helpers_recovered.o;snes9x/tile_scaled_remaining_recovered.o;snes9x/tile_x2_recovered.o	zero-initialized compatibility storage only; exact initializer and final placement remain data-layout gates
g_head_mask	named-program-data	program-data	compatibility-storage	0x003f4040		0x10	requester-type-and-minimum-complete-extent	snes9x/tile_16bit_recovered.o;snes9x/tile_color_math_recovered.o;snes9x/tile_draw_clipped_recovered.o;snes9x/tile_scaled_remaining_recovered.o	zero-initialized compatibility storage only; exact initializer and final placement remain data-layout gates
g_loaded_rom_path	named-program-data	program-data	compatibility-storage	0x0035b328		0x800	requester-type-and-minimum-complete-extent	ps2/path_helpers_recovered.o	zero-initialized compatibility storage only; exact initializer and final placement remain data-layout gates
g_memory_card_available	named-program-data	program-data	compatibility-storage			0x4	requester-type-and-minimum-complete-extent	app/main_flow_recovered.o	zero-initialized compatibility storage only; exact initializer and final placement remain data-layout gates
g_memory_vram	named-program-data	program-data	compatibility-storage	0x0034e2b8		0x4	requester-type-and-minimum-complete-extent	snes9x/tile_converter_recovered.o	zero-initialized compatibility storage only; exact initializer and final placement remain data-layout gates
g_odd_high	named-program-data	program-data	compatibility-storage	0x0035f9a0		0x100	requester-type-and-minimum-complete-extent	snes9x/tile_converter_recovered.o;snes9x/tile_lookup_tables_recovered.o	zero-initialized compatibility storage only; exact initializer and final placement remain data-layout gates
g_odd_low	named-program-data	program-data	compatibility-storage	0x0035faa0		0x100	requester-type-and-minimum-complete-extent	snes9x/tile_converter_recovered.o;snes9x/tile_lookup_tables_recovered.o	zero-initialized compatibility storage only; exact initializer and final placement remain data-layout gates
g_p12_memory	named-program-data	program-data	compatibility-storage	0x0034e2b0		0x1b078	requester-type-and-minimum-complete-extent	ps2/progress12_io_state_recovered.o	zero-initialized compatibility storage only; exact initializer and final placement remain data-layout gates
g_p12_sdd1_dat_extension	named-program-data	program-data	compatibility-storage	0x001b8050		0x5	requester-type-and-minimum-complete-extent	ps2/progress12_io_state_recovered.o	zero-initialized compatibility storage only; exact initializer and final placement remain data-layout gates
g_screen_colors	named-program-data	program-data	compatibility-storage	0x0035ceb0		0x200	requester-type-and-minimum-complete-extent	snes9x/draw_large_pixel_recovered.o;snes9x/tile_16bit_recovered.o;snes9x/tile_color_math_recovered.o;snes9x/tile_draw_clipped_recovered.o;snes9x/tile_draw_recovered.o;snes9x/tile_large16_recovered.o;snes9x/tile_scaled_remaining_recovered.o;snes9x/tile_x2_recovered.o	zero-initialized compatibility storage only; exact initializer and final placement remain data-layout gates
g_selected_rom_path	named-program-data	program-data	compatibility-storage	0x00428180		0x400	requester-type-and-minimum-complete-extent	app/main_flow_recovered.o	zero-initialized compatibility storage only; exact initializer and final placement remain data-layout gates
g_settings_54	named-program-data	program-data	compatibility-storage	0x00345534		0x1	requester-type-and-minimum-complete-extent	snes9x/sram_recovered.o	zero-initialized compatibility storage only; exact initializer and final placement remain data-layout gates
g_settings_64	named-program-data	program-data	compatibility-storage	0x00345544		0x1	requester-type-and-minimum-complete-extent	snes9x/sram_recovered.o	zero-initialized compatibility storage only; exact initializer and final placement remain data-layout gates
g_settings_66	named-program-data	program-data	compatibility-storage	0x00345546		0x1	requester-type-and-minimum-complete-extent	snes9x/sram_recovered.o	zero-initialized compatibility storage only; exact initializer and final placement remain data-layout gates
g_shrink_workspace_recovered	named-program-data	program-data	compatibility-storage			0x6000	requester-type-and-minimum-complete-extent	unzip/unshrink_recovered.o	zero-initialized compatibility storage only; exact initializer and final placement remain data-layout gates
g_special_load_flag	named-program-data	program-data	compatibility-storage	0x00345544		0x1	requester-type-and-minimum-complete-extent	snes9x/sram_recovered.o	zero-initialized compatibility storage only; exact initializer and final placement remain data-layout gates
g_special_save_enable	named-program-data	program-data	compatibility-storage	0x0035b328		0x1	requester-type-and-minimum-complete-extent	snes9x/sram_recovered.o	zero-initialized compatibility storage only; exact initializer and final placement remain data-layout gates
g_sram	named-program-data	program-data	compatibility-storage	0x0034e298		0x4	requester-type-and-minimum-complete-extent	snes9x/sram_recovered.o	zero-initialized compatibility storage only; exact initializer and final placement remain data-layout gates
g_sram_initial_value	named-program-data	program-data	compatibility-storage	0x0035b73c		0x1	requester-type-and-minimum-complete-extent	snes9x/sram_recovered.o	zero-initialized compatibility storage only; exact initializer and final placement remain data-layout gates
g_sram_size	named-program-data	program-data	compatibility-storage	0x0034e2d4		0x1	requester-type-and-minimum-complete-extent	snes9x/sram_recovered.o	zero-initialized compatibility storage only; exact initializer and final placement remain data-layout gates
g_tail_mask	named-program-data	program-data	compatibility-storage	0x003f4050		0x14	requester-type-and-minimum-complete-extent	snes9x/tile_16bit_recovered.o;snes9x/tile_color_math_recovered.o;snes9x/tile_draw_clipped_recovered.o;snes9x/tile_scaled_remaining_recovered.o	zero-initialized compatibility storage only; exact initializer and final placement remain data-layout gates
g_tile_cache_state	named-program-data	program-data	compatibility-storage	0x0035c268		0x34	requester-type-and-minimum-complete-extent	snes9x/memory_init_recovered.o	zero-initialized compatibility storage only; exact initializer and final placement remain data-layout gates
g_unz_ops_recovered	named-program-data	program-data	compatibility-storage			0x18	requester-type-and-minimum-complete-extent	unzip/unzip_api_recovered.o	zero-initialized compatibility storage only; exact initializer and final placement remain data-layout gates
g_zip_io_recovered	named-program-data	program-data	compatibility-storage			0xa040	requester-type-and-minimum-complete-extent	unzip/explode_recovered.o;unzip/unreduce_recovered.o;unzip/unshrink_recovered.o	zero-initialized compatibility storage only; exact initializer and final placement remain data-layout gates
iRam00426e2c	named-external	link-contract	absolute-target-anchor	0x00426e2c			address-encoded-low-level-name	ps2/progress28_structural_lift_recovered.o	zero-byte address contract retained from the structural lift
iRam00426e34	named-external	link-contract	absolute-target-anchor	0x00426e34			address-encoded-low-level-name	ps2/progress28_structural_lift_recovered.o	zero-byte address contract retained from the structural lift
iRam00426e38	named-external	link-contract	absolute-target-anchor	0x00426e38			address-encoded-low-level-name	ps2/progress28_structural_lift_recovered.o	zero-byte address contract retained from the structural lift
iRam00426e40	named-external	link-contract	absolute-target-anchor	0x00426e40			address-encoded-low-level-name	ps2/progress28_structural_lift_recovered.o	zero-byte address contract retained from the structural lift
iRam00426e80	named-external	link-contract	absolute-target-anchor	0x00426e80			address-encoded-low-level-name	ps2/progress28_structural_lift_recovered.o	zero-byte address contract retained from the structural lift
iRam00427000	named-external	link-contract	absolute-target-anchor	0x00427000			address-encoded-low-level-name	ps2/progress28_structural_lift_recovered.o	zero-byte address contract retained from the structural lift
iRam00427004	named-external	link-contract	absolute-target-anchor	0x00427004			address-encoded-low-level-name	ps2/progress28_structural_lift_recovered.o	zero-byte address contract retained from the structural lift
iRam00427008	named-external	link-contract	absolute-target-anchor	0x00427008			address-encoded-low-level-name	ps2/progress28_structural_lift_recovered.o	zero-byte address contract retained from the structural lift
iRam00427010	named-external	link-contract	absolute-target-anchor	0x00427010			address-encoded-low-level-name	ps2/progress28_structural_lift_recovered.o	zero-byte address contract retained from the structural lift
iRam0042c764	named-external	link-contract	absolute-target-anchor	0x0042c764			address-encoded-low-level-name	ps2/progress28_structural_lift_recovered.o	zero-byte address contract retained from the structural lift
iRam0042c7a4	named-external	link-contract	absolute-target-anchor	0x0042c7a4			address-encoded-low-level-name	ps2/progress28_structural_lift_recovered.o	zero-byte address contract retained from the structural lift
iRam0042c7e4	named-external	link-contract	absolute-target-anchor	0x0042c7e4			address-encoded-low-level-name	ps2/progress28_structural_lift_recovered.o	zero-byte address contract retained from the structural lift
iRam0042e87c	named-external	link-contract	absolute-target-anchor	0x0042e87c			address-encoded-low-level-name	ps2/progress28_structural_lift_recovered.o	zero-byte address contract retained from the structural lift
iRam0042e880	named-external	link-contract	absolute-target-anchor	0x0042e880			address-encoded-low-level-name	ps2/progress28_structural_lift_recovered.o	zero-byte address contract retained from the structural lift
iRam0042e884	named-external	link-contract	absolute-target-anchor	0x0042e884			address-encoded-low-level-name	ps2/progress28_structural_lift_recovered.o	zero-byte address contract retained from the structural lift
iRam0043ecc0	named-external	link-contract	absolute-target-anchor	0x0043ecc0			address-encoded-low-level-name	ps2/progress28_structural_lift_recovered.o	zero-byte address contract retained from the structural lift
iRam0043ecc4	named-external	link-contract	absolute-target-anchor	0x0043ecc4			address-encoded-low-level-name	ps2/progress28_structural_lift_recovered.o	zero-byte address contract retained from the structural lift
iRam0043ecc8	named-external	link-contract	absolute-target-anchor	0x0043ecc8			address-encoded-low-level-name	ps2/progress28_structural_lift_recovered.o	zero-byte address contract retained from the structural lift
iRam0043eccc	named-external	link-contract	absolute-target-anchor	0x0043eccc			address-encoded-low-level-name	ps2/progress28_structural_lift_recovered.o	zero-byte address contract retained from the structural lift
isinf	named-external	link-contract	compatibility-runtime-shim				deterministic-ee-source-model-shim	ps2/libgcc_runtime_recovered.o	linkable compatibility implementation; historical archive-member identity is not claimed
isnan	named-external	link-contract	compatibility-runtime-shim				deterministic-ee-source-model-shim	ps2/libgcc_runtime_recovered.o	linkable compatibility implementation; historical archive-member identity is not claimed
lrintf	named-external	link-contract	compatibility-runtime-shim				deterministic-ee-source-model-shim	ps2/progress11_frontend_recovered.o;snes9x/progress13_core_helpers_recovered.o	linkable compatibility implementation; historical archive-member identity is not claimed
operator_new_u32	named-external	link-contract	semantic-text-alias		snes_p13_operator_new		reviewed-existing-global-text	app/main_bootstrap.o	source-model contract bound to an already recovered target entry
ps2_add_intc_handler_recovered	named-external	link-contract	compatibility-runtime-shim				deterministic-ee-source-model-shim	ps2/gsdriver_recovered.o	linkable compatibility implementation; historical archive-member identity is not claimed
ps2_bios_syscall_2_recovered	named-external	link-contract	compatibility-runtime-shim				deterministic-ee-source-model-shim	ps2/gsdriver_recovered.o	linkable compatibility implementation; historical archive-member identity is not claimed
ps2_disable_intc_recovered	named-external	link-contract	compatibility-runtime-shim				deterministic-ee-source-model-shim	ps2/gsdriver_recovered.o	linkable compatibility implementation; historical archive-member identity is not claimed
ps2_enable_intc_recovered	named-external	link-contract	compatibility-runtime-shim				deterministic-ee-source-model-shim	ps2/gsdriver_recovered.o	linkable compatibility implementation; historical archive-member identity is not claimed
ps2_gs_put_imr_recovered	named-external	link-contract	compatibility-runtime-shim				deterministic-ee-source-model-shim	ps2/gsdriver_recovered.o	linkable compatibility implementation; historical archive-member identity is not claimed
ps2_remove_intc_handler_recovered	named-external	link-contract	compatibility-runtime-shim				deterministic-ee-source-model-shim	ps2/gsdriver_recovered.o	linkable compatibility implementation; historical archive-member identity is not claimed
puRam00426fc4	named-external	link-contract	absolute-target-anchor	0x00426fc4			address-encoded-low-level-name	ps2/progress28_structural_lift_recovered.o	zero-byte address contract retained from the structural lift
puRam00447754	named-external	link-contract	absolute-target-anchor	0x00447754			address-encoded-low-level-name	ps2/progress28_structural_lift_recovered.o	zero-byte address contract retained from the structural lift
puRam00447758	named-external	link-contract	absolute-target-anchor	0x00447758			address-encoded-low-level-name	ps2/progress28_structural_lift_recovered.o	zero-byte address contract retained from the structural lift
s_THIS_SCRIPT_WAS_STOLEN_001b6ed0	named-external	link-contract	absolute-target-anchor	0x001b6ed0			address-encoded-low-level-name	ps2/progress28_structural_lift_recovered.o	zero-byte address contract retained from the structural lift
snes_data_001b0000	named-external	link-contract	absolute-target-anchor	0x001b0000			address-encoded-low-level-name	ps2/address_leaf_recovered.o	zero-byte address contract retained from the structural lift
snes_p12_compare_sdd1_entries	named-external	link-contract	absolute-target-anchor	0x0016fac4			reviewed-target-or-hardware-address	ps2/progress12_io_state_recovered.o	reviewed low-level address binding; no storage bytes emitted
snes_p12_fio_close	named-external	link-contract	semantic-text-alias		fioClose_0019d090		reviewed-existing-global-text	ps2/progress12_io_state_recovered.o	source-model contract bound to an already recovered target entry
snes_p12_fio_open	named-external	link-contract	semantic-text-alias		fioOpen_0019cfc0		reviewed-existing-global-text	ps2/progress12_io_state_recovered.o	source-model contract bound to an already recovered target entry
snes_p12_fio_read	named-external	link-contract	semantic-text-alias		fioRead_0019d120		reviewed-existing-global-text	ps2/progress12_io_state_recovered.o	source-model contract bound to an already recovered target entry
snes_p12_fio_write	named-external	link-contract	semantic-text-alias		fioWrite_0019d244		reviewed-existing-global-text	ps2/progress12_io_state_recovered.o	source-model contract bound to an already recovered target entry
snes_p12_get_filename	named-external	link-contract	absolute-target-anchor	0x00101924			reviewed-target-or-hardware-address	ps2/progress12_io_state_recovered.o	reviewed low-level address binding; no storage bytes emitted
snes_p12_qsort	named-external	link-contract	semantic-text-alias		snes_qsort_001080cc		reviewed-existing-global-text	ps2/progress12_io_state_recovered.o	source-model contract bound to an already recovered target entry
snes_ram_003f4be8	named-external	link-contract	absolute-target-anchor	0x003f4be8			address-encoded-low-level-name	ps2/address_leaf_recovered.o	zero-byte address contract retained from the structural lift
snes_state_0035e2c4	named-external	link-contract	absolute-target-anchor	0x0035e2c4			address-encoded-low-level-name	ps2/address_leaf_recovered.o	zero-byte address contract retained from the structural lift
snprintf	c-runtime	historical-archive	compatibility-runtime-shim				deterministic-ee-source-model-shim	ps2/small_dispatch_recovered.o;snes9x/memmap_metadata_recovered.o	linkable compatibility implementation; historical archive-member identity is not claimed
stack0x00000000	named-external	link-contract	absolute-target-anchor	0x00000000			address-encoded-low-level-name	ps2/progress28_structural_lift_recovered.o	zero-byte address contract retained from the structural lift
stack0xffffef20	named-external	link-contract	absolute-target-anchor	0xffffef20			address-encoded-low-level-name	ps2/progress28_structural_lift_recovered.o	zero-byte address contract retained from the structural lift
stack0xffffef90	named-external	link-contract	absolute-target-anchor	0xffffef90			address-encoded-low-level-name	ps2/progress28_structural_lift_recovered.o	zero-byte address contract retained from the structural lift
stack0xffffef98	named-external	link-contract	absolute-target-anchor	0xffffef98			address-encoded-low-level-name	ps2/progress28_structural_lift_recovered.o	zero-byte address contract retained from the structural lift
stack0xffffefa4	named-external	link-contract	absolute-target-anchor	0xffffefa4			address-encoded-low-level-name	ps2/progress28_structural_lift_recovered.o	zero-byte address contract retained from the structural lift
switchdataD_001b18f8	named-external	link-contract	absolute-target-anchor	0x001b18f8			address-encoded-low-level-name	ps2/progress28_structural_lift_recovered.o	zero-byte address contract retained from the structural lift
switchdataD_001ba82c	named-external	link-contract	absolute-target-anchor	0x001ba82c			address-encoded-low-level-name	ps2/progress28_structural_lift_recovered.o	zero-byte address contract retained from the structural lift
switchdataD_001baad0	named-external	link-contract	absolute-target-anchor	0x001baad0			address-encoded-low-level-name	ps2/progress28_structural_lift_recovered.o	zero-byte address contract retained from the structural lift
syscall	named-external	link-contract	compatibility-runtime-shim				deterministic-ee-source-model-shim	ps2/progress28_structural_lift_recovered.o	linkable compatibility implementation; historical archive-member identity is not claimed
target_video_mode_byte_001fc752	named-external	link-contract	absolute-target-anchor	0x001fc752			address-encoded-low-level-name	ps2/gsdriver_recovered.o	zero-byte address contract retained from the structural lift
trap	named-external	link-contract	compatibility-runtime-shim				deterministic-ee-source-model-shim	ps2/progress28_structural_lift_recovered.o	linkable compatibility implementation; historical archive-member identity is not claimed
uRam00426e20	named-external	link-contract	absolute-target-anchor	0x00426e20			address-encoded-low-level-name	ps2/progress28_structural_lift_recovered.o	zero-byte address contract retained from the structural lift
uRam00426e3c	named-external	link-contract	absolute-target-anchor	0x00426e3c			address-encoded-low-level-name	ps2/progress28_structural_lift_recovered.o	zero-byte address contract retained from the structural lift
uRam00426fa4	named-external	link-contract	absolute-target-anchor	0x00426fa4			address-encoded-low-level-name	ps2/progress28_structural_lift_recovered.o	zero-byte address contract retained from the structural lift
uRam00426fb4	named-external	link-contract	absolute-target-anchor	0x00426fb4			address-encoded-low-level-name	ps2/progress28_structural_lift_recovered.o	zero-byte address contract retained from the structural lift
uRam00427000	named-external	link-contract	absolute-target-anchor	0x00427000			address-encoded-low-level-name	ps2/progress28_structural_lift_recovered.o	zero-byte address contract retained from the structural lift
uRam00427004	named-external	link-contract	absolute-target-anchor	0x00427004			address-encoded-low-level-name	ps2/progress28_structural_lift_recovered.o	zero-byte address contract retained from the structural lift
uRam00427008	named-external	link-contract	absolute-target-anchor	0x00427008			address-encoded-low-level-name	ps2/progress28_structural_lift_recovered.o	zero-byte address contract retained from the structural lift
uRam0042c804	named-external	link-contract	absolute-target-anchor	0x0042c804			address-encoded-low-level-name	ps2/progress28_structural_lift_recovered.o	zero-byte address contract retained from the structural lift
uRam0042d338	named-external	link-contract	absolute-target-anchor	0x0042d338			address-encoded-low-level-name	ps2/progress28_structural_lift_recovered.o	zero-byte address contract retained from the structural lift
uRam0042d339	named-external	link-contract	absolute-target-anchor	0x0042d339			address-encoded-low-level-name	ps2/progress28_structural_lift_recovered.o	zero-byte address contract retained from the structural lift
uRam0042d33a	named-external	link-contract	absolute-target-anchor	0x0042d33a			address-encoded-low-level-name	ps2/progress28_structural_lift_recovered.o	zero-byte address contract retained from the structural lift
uRam00447701	named-external	link-contract	absolute-target-anchor	0x00447701			address-encoded-low-level-name	ps2/progress28_structural_lift_recovered.o	zero-byte address contract retained from the structural lift
uRam00447702	named-external	link-contract	absolute-target-anchor	0x00447702			address-encoded-low-level-name	ps2/progress28_structural_lift_recovered.o	zero-byte address contract retained from the structural lift
uRam00447703	named-external	link-contract	absolute-target-anchor	0x00447703			address-encoded-low-level-name	ps2/progress28_structural_lift_recovered.o	zero-byte address contract retained from the structural lift
uRam00447704	named-external	link-contract	absolute-target-anchor	0x00447704			address-encoded-low-level-name	ps2/progress28_structural_lift_recovered.o	zero-byte address contract retained from the structural lift
uRam00447705	named-external	link-contract	absolute-target-anchor	0x00447705			address-encoded-low-level-name	ps2/progress28_structural_lift_recovered.o	zero-byte address contract retained from the structural lift
uRam00447706	named-external	link-contract	absolute-target-anchor	0x00447706			address-encoded-low-level-name	ps2/progress28_structural_lift_recovered.o	zero-byte address contract retained from the structural lift
uRam00447707	named-external	link-contract	absolute-target-anchor	0x00447707			address-encoded-low-level-name	ps2/progress28_structural_lift_recovered.o	zero-byte address contract retained from the structural lift
uRam00447708	named-external	link-contract	absolute-target-anchor	0x00447708			address-encoded-low-level-name	ps2/progress28_structural_lift_recovered.o	zero-byte address contract retained from the structural lift
uRam00447709	named-external	link-contract	absolute-target-anchor	0x00447709			address-encoded-low-level-name	ps2/progress28_structural_lift_recovered.o	zero-byte address contract retained from the structural lift
uRam0044770a	named-external	link-contract	absolute-target-anchor	0x0044770a			address-encoded-low-level-name	ps2/progress28_structural_lift_recovered.o	zero-byte address contract retained from the structural lift
uRam0044770b	named-external	link-contract	absolute-target-anchor	0x0044770b			address-encoded-low-level-name	ps2/progress28_structural_lift_recovered.o	zero-byte address contract retained from the structural lift
uRam0044770c	named-external	link-contract	absolute-target-anchor	0x0044770c			address-encoded-low-level-name	ps2/progress28_structural_lift_recovered.o	zero-byte address contract retained from the structural lift
uRam0044770d	named-external	link-contract	absolute-target-anchor	0x0044770d			address-encoded-low-level-name	ps2/progress28_structural_lift_recovered.o	zero-byte address contract retained from the structural lift
uRam0044770e	named-external	link-contract	absolute-target-anchor	0x0044770e			address-encoded-low-level-name	ps2/progress28_structural_lift_recovered.o	zero-byte address contract retained from the structural lift
uRam0044770f	named-external	link-contract	absolute-target-anchor	0x0044770f			address-encoded-low-level-name	ps2/progress28_structural_lift_recovered.o	zero-byte address contract retained from the structural lift
uRam00447710	named-external	link-contract	absolute-target-anchor	0x00447710			address-encoded-low-level-name	ps2/progress28_structural_lift_recovered.o	zero-byte address contract retained from the structural lift
uRam00447711	named-external	link-contract	absolute-target-anchor	0x00447711			address-encoded-low-level-name	ps2/progress28_structural_lift_recovered.o	zero-byte address contract retained from the structural lift
uRam00447712	named-external	link-contract	absolute-target-anchor	0x00447712			address-encoded-low-level-name	ps2/progress28_structural_lift_recovered.o	zero-byte address contract retained from the structural lift
uRam00447713	named-external	link-contract	absolute-target-anchor	0x00447713			address-encoded-low-level-name	ps2/progress28_structural_lift_recovered.o	zero-byte address contract retained from the structural lift
uRam00447714	named-external	link-contract	absolute-target-anchor	0x00447714			address-encoded-low-level-name	ps2/progress28_structural_lift_recovered.o	zero-byte address contract retained from the structural lift
uRam00447715	named-external	link-contract	absolute-target-anchor	0x00447715			address-encoded-low-level-name	ps2/progress28_structural_lift_recovered.o	zero-byte address contract retained from the structural lift
uRam00447716	named-external	link-contract	absolute-target-anchor	0x00447716			address-encoded-low-level-name	ps2/progress28_structural_lift_recovered.o	zero-byte address contract retained from the structural lift
uRam00447717	named-external	link-contract	absolute-target-anchor	0x00447717			address-encoded-low-level-name	ps2/progress28_structural_lift_recovered.o	zero-byte address contract retained from the structural lift
uRam00447718	named-external	link-contract	absolute-target-anchor	0x00447718			address-encoded-low-level-name	ps2/progress28_structural_lift_recovered.o	zero-byte address contract retained from the structural lift
uRam00447719	named-external	link-contract	absolute-target-anchor	0x00447719			address-encoded-low-level-name	ps2/progress28_structural_lift_recovered.o	zero-byte address contract retained from the structural lift
uRam0044771a	named-external	link-contract	absolute-target-anchor	0x0044771a			address-encoded-low-level-name	ps2/progress28_structural_lift_recovered.o	zero-byte address contract retained from the structural lift
uRam0044771b	named-external	link-contract	absolute-target-anchor	0x0044771b			address-encoded-low-level-name	ps2/progress28_structural_lift_recovered.o	zero-byte address contract retained from the structural lift
uRam0044771c	named-external	link-contract	absolute-target-anchor	0x0044771c			address-encoded-low-level-name	ps2/progress28_structural_lift_recovered.o	zero-byte address contract retained from the structural lift
uRam0044771d	named-external	link-contract	absolute-target-anchor	0x0044771d			address-encoded-low-level-name	ps2/progress28_structural_lift_recovered.o	zero-byte address contract retained from the structural lift
uRam0044771e	named-external	link-contract	absolute-target-anchor	0x0044771e			address-encoded-low-level-name	ps2/progress28_structural_lift_recovered.o	zero-byte address contract retained from the structural lift
uRam00447720	named-external	link-contract	absolute-target-anchor	0x00447720			address-encoded-low-level-name	ps2/progress28_structural_lift_recovered.o	zero-byte address contract retained from the structural lift
uRam00447721	named-external	link-contract	absolute-target-anchor	0x00447721			address-encoded-low-level-name	ps2/progress28_structural_lift_recovered.o	zero-byte address contract retained from the structural lift
uRam00447722	named-external	link-contract	absolute-target-anchor	0x00447722			address-encoded-low-level-name	ps2/progress28_structural_lift_recovered.o	zero-byte address contract retained from the structural lift
uRam00447723	named-external	link-contract	absolute-target-anchor	0x00447723			address-encoded-low-level-name	ps2/progress28_structural_lift_recovered.o	zero-byte address contract retained from the structural lift
uRam00447724	named-external	link-contract	absolute-target-anchor	0x00447724			address-encoded-low-level-name	ps2/progress28_structural_lift_recovered.o	zero-byte address contract retained from the structural lift
uRam00447725	named-external	link-contract	absolute-target-anchor	0x00447725			address-encoded-low-level-name	ps2/progress28_structural_lift_recovered.o	zero-byte address contract retained from the structural lift
uRam00447726	named-external	link-contract	absolute-target-anchor	0x00447726			address-encoded-low-level-name	ps2/progress28_structural_lift_recovered.o	zero-byte address contract retained from the structural lift
uRam00447727	named-external	link-contract	absolute-target-anchor	0x00447727			address-encoded-low-level-name	ps2/progress28_structural_lift_recovered.o	zero-byte address contract retained from the structural lift
uRam00447728	named-external	link-contract	absolute-target-anchor	0x00447728			address-encoded-low-level-name	ps2/progress28_structural_lift_recovered.o	zero-byte address contract retained from the structural lift
uRam00447729	named-external	link-contract	absolute-target-anchor	0x00447729			address-encoded-low-level-name	ps2/progress28_structural_lift_recovered.o	zero-byte address contract retained from the structural lift
uRam0044772a	named-external	link-contract	absolute-target-anchor	0x0044772a			address-encoded-low-level-name	ps2/progress28_structural_lift_recovered.o	zero-byte address contract retained from the structural lift
uRam0044772b	named-external	link-contract	absolute-target-anchor	0x0044772b			address-encoded-low-level-name	ps2/progress28_structural_lift_recovered.o	zero-byte address contract retained from the structural lift
uRam0044772c	named-external	link-contract	absolute-target-anchor	0x0044772c			address-encoded-low-level-name	ps2/progress28_structural_lift_recovered.o	zero-byte address contract retained from the structural lift
uRam0044772d	named-external	link-contract	absolute-target-anchor	0x0044772d			address-encoded-low-level-name	ps2/progress28_structural_lift_recovered.o	zero-byte address contract retained from the structural lift
uRam0044772e	named-external	link-contract	absolute-target-anchor	0x0044772e			address-encoded-low-level-name	ps2/progress28_structural_lift_recovered.o	zero-byte address contract retained from the structural lift
uRam0044772f	named-external	link-contract	absolute-target-anchor	0x0044772f			address-encoded-low-level-name	ps2/progress28_structural_lift_recovered.o	zero-byte address contract retained from the structural lift
uRam00447730	named-external	link-contract	absolute-target-anchor	0x00447730			address-encoded-low-level-name	ps2/progress28_structural_lift_recovered.o	zero-byte address contract retained from the structural lift
uRam00447731	named-external	link-contract	absolute-target-anchor	0x00447731			address-encoded-low-level-name	ps2/progress28_structural_lift_recovered.o	zero-byte address contract retained from the structural lift
uRam00447732	named-external	link-contract	absolute-target-anchor	0x00447732			address-encoded-low-level-name	ps2/progress28_structural_lift_recovered.o	zero-byte address contract retained from the structural lift
uRam00447733	named-external	link-contract	absolute-target-anchor	0x00447733			address-encoded-low-level-name	ps2/progress28_structural_lift_recovered.o	zero-byte address contract retained from the structural lift
uRam00447734	named-external	link-contract	absolute-target-anchor	0x00447734			address-encoded-low-level-name	ps2/progress28_structural_lift_recovered.o	zero-byte address contract retained from the structural lift
uRam00447735	named-external	link-contract	absolute-target-anchor	0x00447735			address-encoded-low-level-name	ps2/progress28_structural_lift_recovered.o	zero-byte address contract retained from the structural lift
uRam00447736	named-external	link-contract	absolute-target-anchor	0x00447736			address-encoded-low-level-name	ps2/progress28_structural_lift_recovered.o	zero-byte address contract retained from the structural lift
uRam00447737	named-external	link-contract	absolute-target-anchor	0x00447737			address-encoded-low-level-name	ps2/progress28_structural_lift_recovered.o	zero-byte address contract retained from the structural lift
uRam00447738	named-external	link-contract	absolute-target-anchor	0x00447738			address-encoded-low-level-name	ps2/progress28_structural_lift_recovered.o	zero-byte address contract retained from the structural lift
uRam00447739	named-external	link-contract	absolute-target-anchor	0x00447739			address-encoded-low-level-name	ps2/progress28_structural_lift_recovered.o	zero-byte address contract retained from the structural lift
uRam0044773a	named-external	link-contract	absolute-target-anchor	0x0044773a			address-encoded-low-level-name	ps2/progress28_structural_lift_recovered.o	zero-byte address contract retained from the structural lift
uRam0044773b	named-external	link-contract	absolute-target-anchor	0x0044773b			address-encoded-low-level-name	ps2/progress28_structural_lift_recovered.o	zero-byte address contract retained from the structural lift
uRam0044773c	named-external	link-contract	absolute-target-anchor	0x0044773c			address-encoded-low-level-name	ps2/progress28_structural_lift_recovered.o	zero-byte address contract retained from the structural lift
uRam0044773d	named-external	link-contract	absolute-target-anchor	0x0044773d			address-encoded-low-level-name	ps2/progress28_structural_lift_recovered.o	zero-byte address contract retained from the structural lift
uRam0044773e	named-external	link-contract	absolute-target-anchor	0x0044773e			address-encoded-low-level-name	ps2/progress28_structural_lift_recovered.o	zero-byte address contract retained from the structural lift
uRam0044773f	named-external	link-contract	absolute-target-anchor	0x0044773f			address-encoded-low-level-name	ps2/progress28_structural_lift_recovered.o	zero-byte address contract retained from the structural lift
uRam00447740	named-external	link-contract	absolute-target-anchor	0x00447740			address-encoded-low-level-name	ps2/progress28_structural_lift_recovered.o	zero-byte address contract retained from the structural lift
uRam00447741	named-external	link-contract	absolute-target-anchor	0x00447741			address-encoded-low-level-name	ps2/progress28_structural_lift_recovered.o	zero-byte address contract retained from the structural lift
uRam00447742	named-external	link-contract	absolute-target-anchor	0x00447742			address-encoded-low-level-name	ps2/progress28_structural_lift_recovered.o	zero-byte address contract retained from the structural lift
uRam00447743	named-external	link-contract	absolute-target-anchor	0x00447743			address-encoded-low-level-name	ps2/progress28_structural_lift_recovered.o	zero-byte address contract retained from the structural lift
uRam00447744	named-external	link-contract	absolute-target-anchor	0x00447744			address-encoded-low-level-name	ps2/progress28_structural_lift_recovered.o	zero-byte address contract retained from the structural lift
uRam00447745	named-external	link-contract	absolute-target-anchor	0x00447745			address-encoded-low-level-name	ps2/progress28_structural_lift_recovered.o	zero-byte address contract retained from the structural lift
uRam00447746	named-external	link-contract	absolute-target-anchor	0x00447746			address-encoded-low-level-name	ps2/progress28_structural_lift_recovered.o	zero-byte address contract retained from the structural lift
uRam00447747	named-external	link-contract	absolute-target-anchor	0x00447747			address-encoded-low-level-name	ps2/progress28_structural_lift_recovered.o	zero-byte address contract retained from the structural lift
uRam00447748	named-external	link-contract	absolute-target-anchor	0x00447748			address-encoded-low-level-name	ps2/progress28_structural_lift_recovered.o	zero-byte address contract retained from the structural lift
uRam00447749	named-external	link-contract	absolute-target-anchor	0x00447749			address-encoded-low-level-name	ps2/progress28_structural_lift_recovered.o	zero-byte address contract retained from the structural lift
uRam0044774a	named-external	link-contract	absolute-target-anchor	0x0044774a			address-encoded-low-level-name	ps2/progress28_structural_lift_recovered.o	zero-byte address contract retained from the structural lift
uRam0044774b	named-external	link-contract	absolute-target-anchor	0x0044774b			address-encoded-low-level-name	ps2/progress28_structural_lift_recovered.o	zero-byte address contract retained from the structural lift
uRam0044774c	named-external	link-contract	absolute-target-anchor	0x0044774c			address-encoded-low-level-name	ps2/progress28_structural_lift_recovered.o	zero-byte address contract retained from the structural lift
uRam0044774d	named-external	link-contract	absolute-target-anchor	0x0044774d			address-encoded-low-level-name	ps2/progress28_structural_lift_recovered.o	zero-byte address contract retained from the structural lift
uRam0044774e	named-external	link-contract	absolute-target-anchor	0x0044774e			address-encoded-low-level-name	ps2/progress28_structural_lift_recovered.o	zero-byte address contract retained from the structural lift
uRam0044e206	named-external	link-contract	absolute-target-anchor	0x0044e206			address-encoded-low-level-name	ps2/progress28_structural_lift_recovered.o	zero-byte address contract retained from the structural lift
uRam00450205	named-external	link-contract	absolute-target-anchor	0x00450205			address-encoded-low-level-name	ps2/progress28_structural_lift_recovered.o	zero-byte address contract retained from the structural lift
zr_base_dist_001ba130	named-external	link-contract	absolute-target-anchor	0x001ba130			address-encoded-low-level-name	zlib/trees_recovered.o	zero-byte address contract retained from the structural lift
zr_base_length_001ba0b8	named-external	link-contract	absolute-target-anchor	0x001ba0b8			address-encoded-low-level-name	zlib/trees_recovered.o	zero-byte address contract retained from the structural lift
zr_dist_code_001b9db8	named-external	link-contract	absolute-target-anchor	0x001b9db8			address-encoded-low-level-name	zlib/trees_recovered.o	zero-byte address contract retained from the structural lift
zr_length_code_001b9fb8	named-external	link-contract	absolute-target-anchor	0x001b9fb8			address-encoded-low-level-name	zlib/trees_recovered.o	zero-byte address contract retained from the structural lift
zr_static_dtree_001b9d40	named-external	link-contract	absolute-target-anchor	0x001b9d40			address-encoded-low-level-name	zlib/trees_recovered.o	zero-byte address contract retained from the structural lift
zr_static_ltree_001b98c0	named-external	link-contract	absolute-target-anchor	0x001b98c0			address-encoded-low-level-name	zlib/trees_recovered.o	zero-byte address contract retained from the structural lift
