symbol	status	member	member_symbol	target_address	member_offset_hex	target_symbol_size_hex	member_symbol_size_hex	target_span_sha256	canonical_symbol	requesters	detail
FlushCache_0019ceb0	MEMBER_TEXT_EXACT	syscall/FlushCache.o	FlushCache	0x0019ceb0	0x0	0x10	0x10	5981c1e46292010b462c1aa96986db0e142b6d8d72e68d4ed765af16db6ee74f	FlushCache	ps2/gs_fifo_recovered.o;ps2/libmc_recovered.o	complete member text and symbol offset; final relocation values/data placement remain separate
SifAddCmdHandler	MEMBER_TEXT_EXACT	kernel/sif_cmd_addhandler.o	SifAddCmdHandler	0x0019f544	0x0	0x38	0x38	c2f80326dff0601f515ae26ea00946d9792f755ac697478738153c9a1b0bbd61	SifAddCmdHandler_0019f544	ps2/sifrpc_recovered.o	complete member text and symbol offset; final relocation values/data placement remain separate
SifAllocIopHeap	MEMBER_TEXT_EXACT	kernel/SifAllocIopHeap.o	SifAllocIopHeap	0x0019d63c	0x0	0x7c	0x7c	07f5b59618070e8e60049de6efcca1e8701fb11bf48dbe3053540fff7edee07b	SifAllocIopHeap_0019d63c	ps2/load_module_buffer.o	complete member text and symbol offset; final relocation values/data placement remain separate
SifBindRpc	MEMBER_TEXT_EXACT	kernel/SifBindRpc.o	SifBindRpc	0x0019c688	0x0	0x128	0x128	cf641b0cb74444114f4c13f183f9120f0a83cd6d55ebac6c3c1a6d842f6f65ea	SifBindRpc_0019c688	ps2/cdvd_rpc_historical_recovered.o	complete member text and symbol offset; final relocation values/data placement remain separate
SifCallRpc	MEMBER_TEXT_EXACT	kernel/SifCallRpc.o	SifCallRpc	0x0019c7b0	0x0	0x1b0	0x1b0	5c5eba816039f3ace7896c9b4752e0b6984ed993d4fff5d2b2e39881fa6fbda6	SifCallRpc_0019c7b0	ps2/cdvd_rpc_historical_recovered.o;ps2/fileio_recovered.o;ps2/loadfile_iop_recovered.o	complete member text and symbol offset; final relocation values/data placement remain separate
SifExitCmd	MEMBER_TEXT_EXACT	kernel/sif_cmd_main.o	SifExitCmd	0x0019f510	0x234	0x34	0x34	506e8396c819b38ca18ae11842ada3ed3ee38043cb91025212e904cd7ec6d8c2	SifExitCmd_0019f510	ps2/sifrpc_recovered.o	complete member text and symbol offset; final relocation values/data placement remain separate
SifFreeIopHeap	MEMBER_TEXT_EXACT	kernel/SifFreeIopHeap.o	SifFreeIopHeap	0x0019d6b8	0x0	0x88	0x88	3c834a1fa5b36df85bc5998fc7d67b1cf74650f1f177f2fd6e50025edb91c812	SifFreeIopHeap_0019d6b8	ps2/load_module_buffer.o	complete member text and symbol offset; final relocation values/data placement remain separate
SifGetSreg	MEMBER_TEXT_EXACT	kernel/sif_sreg_get.o	SifGetSreg	0x0019f57c	0x0	0x18	0x18	4e3971eaa971309f71f9696d73f45d98ca34a98b9c4f70e7fd14c314facf45bc	SifGetSreg_0019f57c	ps2/sifrpc_recovered.o	complete member text and symbol offset; final relocation values/data placement remain separate
SifInitCmd	MEMBER_TEXT_EXACT	kernel/sif_cmd_main.o	SifInitCmd	0x0019f304	0x28	0x20c	0x20c	e207c5fe3ed0b0f98864466c47e77d7d7bfddc2544d8d93cb36298ccf5722238	SifInitCmd_0019f304	ps2/sifrpc_recovered.o	complete member text and symbol offset; final relocation values/data placement remain separate
SifInitIopHeap_recovered	MEMBER_TEXT_EXACT	kernel/SifInitIopHeap.o	SifInitIopHeap	0x0019f9e8	0x0	0xc0	0xc0	35ba2314ac67dca4a6f9102d2804cef1e9e23a55ce05c27a8211db4786405d4f	SifInitIopHeap_0019f9e8	ps2/loadfile_iop_recovered.o	complete member text and symbol offset; final relocation values/data placement remain separate
SifInitRpc	MEMBER_TEXT_EXACT	kernel/SifRpcMain.o	SifInitRpc	0x0019cc0c	0x2ac	0x140	0x140	bd66332fbb9162055a859f178bbc287a36250504564d5dd102e7bfb24e8c51d2	SifInitRpc_0019cc0c	app/main_bootstrap.o	complete member text and symbol offset; final relocation values/data placement remain separate
SifIopReset	MEMBER_TEXT_EXACT	kernel/SifIopReset.o	SifIopReset	0x0019d740	0x0	0x10c	0x10c	0276aef0f041d32f59609ce960505882b3b049830740f5ef92f694833abb8afd	SifIopReset_0019d740	app/main_bootstrap.o	complete member text and symbol offset; final relocation values/data placement remain separate
SifLoadFileInit_recovered	MEMBER_TEXT_EXACT	kernel/SifLoadFileInit.o	SifLoadFileInit	0x0019fd20	0x0	0xbc	0xbc	2d93ad69e51a90ba797bf3054d8e4ba0c9e33cc346ac6a05096b9f6950989bde	SifLoadFileInit_0019fd20	ps2/loadfile_iop_recovered.o	complete member text and symbol offset; final relocation values/data placement remain separate
SifLoadModule	MEMBER_TEXT_EXACT	kernel/SifLoadModule.o	SifLoadModule	0x0019d600	0x0	0x20	0x20	672414e8c9a73b05628729e03d115edd78431f19d5b50e52690e6b22175ea49b	SifLoadModule_0019d600	app/main_bootstrap.o	complete member text and symbol offset; final relocation values/data placement remain separate
SifLoadModuleBuffer	MEMBER_TEXT_EXACT	kernel/SifLoadModuleBuffer.o	SifLoadModuleBuffer	0x0019d620	0x0	0x1c	0x1c	ce1da5c59125cac4cc01371568346e35be1a0e1f5024ffe881044b4367cf75ef	SifLoadModuleBuffer_0019d620	ps2/load_module_buffer.o	complete member text and symbol offset; final relocation values/data placement remain separate
SifSendCmd	MEMBER_TEXT_EXACT	kernel/sif_cmd_send.o	SifSendCmd	0x0019f264	0x12c	0x3c	0x3c	4671c6588c7605af99dc5112ec93c78b0e6b154f2258ade728d01ce116055643	SifSendCmd_0019f264	ps2/sifrpc_recovered.o	complete member text and symbol offset; final relocation values/data placement remain separate
SifWriteBackDCache_0019cf10	MEMBER_TEXT_EXACT	syscall/SifWriteBackDCache.o	SifWriteBackDCache	0x0019cf10	0x0	0xac	0xac	105988b8258d7e108ccfdc2be37e8d2ff9a3d1c4e455606f6ae534bb14b28866	SifWriteBackDCache	ps2/libmc_recovered.o	complete member text and symbol offset; final relocation values/data placement remain separate
abort	BLOCKED_RUNTIME_IDENTITY	libc/terminate.o	abort	0x00107578	0x0	0x8	0x24	5022a6d02ef346142e4bcbb6440d2f65c43ab6c01cb1cb86dab07dc665bfd557	snes_fatal_spin_00107578	ps2/gcc_fde_runtime_recovered.o;ps2/gcc_unwind_pe_recovered.o	pinned terminate.o prints and calls _exit; current alias selects an eight-byte spin; archive/override origin remains unproved
calloc	MEMBER_TEXT_EXACT	libc/calloc.o	calloc	0x0019e648	0x0	0x50	0x50	36b68ed9c8867646d59f25ba74d9cc1f5f0f8e270d1e7f8a2e1c330b013263b4	calloc_0019e648	zlib/zutil_adler_recovered.o	complete member text and symbol offset; final relocation values/data placement remain separate
fioClose_like	MEMBER_TEXT_EXACT	kernel/fio_close.o	fioClose	0x0019d090	0x0	0x90	0x90	c3a539a522245edc300ddaf7e205d9888717033c77e15652cd7b85d8dcf7f634	fioClose_0019d090	snes9x/sram_recovered.o;zlib/gzio_recovered.o	complete member text and symbol offset; final relocation values/data placement remain separate
fioInit_recovered	MEMBER_TEXT_EXACT	kernel/fio_main.o	fioInit	0x0019f600	0x0	0xe8	0xe8	e7941215fad344180cae84350581fdf81c9469432b79c5c8811fd447f3d8b10f	fioInit_0019f600	ps2/fileio_recovered.o	complete member text and symbol offset; final relocation values/data placement remain separate
fioOpen_like	MEMBER_TEXT_EXACT	kernel/fio_open.o	fioOpen	0x0019cfc0	0x0	0xd0	0xd0	2a49051f199760d72a11183dd1e72e203b541bacd5d8f6696ae5a9a7458586b0	fioOpen_0019cfc0	snes9x/sram_recovered.o;zlib/gzio_recovered.o	complete member text and symbol offset; final relocation values/data placement remain separate
fioPutc_like_0019d534	MEMBER_TEXT_EXACT	kernel/fio_putc.o	fioPutc	0x0019d534	0x0	0x24	0x24	d1049146c1b24e083e5abe7d448ea5068d91507e31a4ba2fea69f4a8c6479270	fioPutc_0019d534	zlib/gzio_recovered.o	complete member text and symbol offset; final relocation values/data placement remain separate
fioRead_like	MEMBER_TEXT_EXACT	kernel/fio_read.o	fioRead	0x0019d120	0x0	0x124	0x124	09b8909b41617682f4ef208708efe06175a93320a4d5ac8fbba5a9b171cbb59c	fioRead_0019d120	snes9x/sram_recovered.o;zlib/gzio_recovered.o	complete member text and symbol offset; final relocation values/data placement remain separate
fioSeek_like_0019d360	MEMBER_TEXT_EXACT	kernel/fio_lseek.o	fioLseek	0x0019d360	0x0	0xb0	0xb0	91175fa55e3646ea745ed8ba7cff4b828929adc74038f276148b6d32b4411312	fioLseek_0019d360	zlib/gzio_recovered.o	complete member text and symbol offset; final relocation values/data placement remain separate
fioWrite_like	MEMBER_TEXT_EXACT	kernel/fio_write.o	fioWrite	0x0019d244	0x0	0x11c	0x11c	d0fa02c9ab2d06131fb69109600217cb6014d6e1af28dc84c0a124c345f02201	fioWrite_0019d244	snes9x/sram_recovered.o;zlib/gzio_recovered.o	complete member text and symbol offset; final relocation values/data placement remain separate
free	MEMBER_TEXT_EXACT	libc/free.o	free	0x0019e784	0x0	0xdc	0xdc	363414a731bb81cf34744c698c8cd525bf0fb0724e5ca5ed5926c56eb374c4f5	free_0019e784	ps2/gcc_fde_runtime_recovered.o;ps2/libsupcxx_rtti_recovered.o;snes9x/apu_alloc_recovered.o;snes9x/memory_cleanup_recovered.o;unzip/explode_recovered.o;unzip/unzip_api_recovered.o;zlib/gzio_recovered.o;zlib/zutil_adler_recovered.o	complete member text and symbol offset; final relocation values/data placement remain separate
malloc	MEMBER_TEXT_EXACT	libc/malloc.o	malloc	0x0019e4b4	0x40	0x194	0x194	3f314e3fc38c17201b9bd9a2e8cf4409f232391b9555bc43f713eccfa7e1621e	malloc_0019e4b4	ps2/gcc_fde_runtime_recovered.o;ps2/libsupcxx_rtti_recovered.o;snes9x/apu_alloc_recovered.o;snes9x/memory_init_recovered.o;unzip/explode_recovered.o;unzip/unzip_api_recovered.o;zlib/gzio_recovered.o	complete member text and symbol offset; final relocation values/data placement remain separate
mcInit	MEMBER_TEXT_EXACT	mc/libmc.o	mcInit	0x001a08ec	0x1ac	0x17c	0x17c	430e16e286cb4712e9afba5c278f499e3a3c50df87ee262e35bfbe1f1aa9ac95	mcInit_001a08ec	app/main_bootstrap.o	complete member text and symbol offset; final relocation values/data placement remain separate
memcmp	MEMBER_TEXT_EXACT	libc/memcmp.o	memcmp	0x0019c458	0x0	0x48	0x48	0556d7c3c5cb4a32bf1e73abe1877da01b41adb9b52700f6a29fb506cb530b21	sn_memcmp_0019c458	ps2/progress21_small_helpers_recovered.o;ps2/progress27_large_state_cpu_batch_recovered.o	complete member text and symbol offset; final relocation values/data placement remain separate
memcpy	MEMBER_TEXT_EXACT	libc/memcpy.o	memcpy	0x0019c364	0x0	0x38	0x38	48cdda1e294bc3aa7e48cccef08bb0a8108b9ab687fd0f875c300aa2e2eacf27	sn_memcpy_0019c364	ps2/cdvd_rpc_historical_recovered.o;ps2/fileio_recovered.o;ps2/gcc_fde_runtime_recovered.o;ps2/gcc_unwind_pe_recovered.o;ps2/gs_fifo_recovered.o;ps2/gsfont_recovered.o;ps2/gspipe_recovered.o;ps2/libgcc_runtime_recovered.o;ps2/libmc_recovered.o;ps2/libpad_recovered.o;ps2/loadfile_iop_recovered.o;ps2/newlib_mathfp_recovered.o;ps2/progress12_io_state_recovered.o;ps2/progress13_cpp_eh_recovered.o;ps2/progress15_pad_init_recovered.o;ps2/progress23_audio_helpers_recovered.o;ps2/progress27_large_state_cpu_batch_recovered.o;ps2/sifcmd_recovered.o;snes9x/progress11_core_recovered.o;snes9x/progress13_frontend_more_recovered.o;snes9x/progress13_runtime_more_recovered.o;unzip/explode_recovered.o;unzip/unreduce_recovered.o;zlib/deflate_state_recovered.o;zlib/gzio_recovered.o	complete member text and symbol offset; final relocation values/data placement remain separate
memmove	MEMBER_TEXT_EXACT	libc/memmove.o	memmove	0x0019c4a0	0x0	0x88	0x88	2c186336c5b6a90179b8d87225a562a458f9eb58ca86322cfb1630950f3336ed	sn_memmove_0019c4a0	ps2/progress26_dsp_runtime_batch_recovered.o;unzip/explode_recovered.o;zlib/deflate_engine_recovered.o;zlib/deflate_state_recovered.o;zlib/infblock_engine_recovered.o;zlib/infblock_frontend_recovered.o;zlib/infutil_recovered.o	complete member text and symbol offset; final relocation values/data placement remain separate
memset	MEMBER_TEXT_EXACT	libc/memset.o	memset	0x0019c39c	0x0	0x38	0x38	cecbe61c3a5bab20064a2941574a50bd6e9c1727fc5c161be546310cd045a731	sn_memset_0019c39c	app/main_flow_recovered.o;ps2/gcc_fde_runtime_recovered.o;ps2/libpad_recovered.o;ps2/libsupcxx_rtti_recovered.o;ps2/loadfile_iop_recovered.o;ps2/progress13_cpp_eh_recovered.o;ps2/progress22_more_small_helpers_recovered.o;ps2/progress24_core_helpers_recovered.o;ps2/progress25_small_core_helpers_recovered.o;ps2/progress26_dsp_runtime_batch_recovered.o;ps2/progress27_large_state_cpu_batch_recovered.o;ps2/sifcmd_recovered.o;ps2/small_dispatch_recovered.o;snes9x/memory_init_recovered.o;snes9x/progress11_core_recovered.o;snes9x/progress13_core_helpers_recovered.o;snes9x/progress13_frontend_more_recovered.o;snes9x/progress13_runtime_more_recovered.o;snes9x/sram_recovered.o;unzip/explode_recovered.o;unzip/unreduce_recovered.o;zlib/deflate_engine_recovered.o;zlib/deflate_state_recovered.o;zlib/gzio_recovered.o;zlib/infblock_frontend_recovered.o;zlib/inflate_state_recovered.o;zlib/zlib_buffer_api_recovered.o	complete member text and symbol offset; final relocation values/data placement remain separate
printf	MEMBER_TEXT_EXACT	libc/printf.o	printf	0x0019e388	0x0	0x48	0x48	22ab8f8f9deb28090014e1ddc2607d6b21401910ca52796881395ef51e8d73a1	printf_recovered	ps2/gspipe_recovered.o	complete member text and symbol offset; final relocation values/data placement remain separate
puts	BLOCKED_RUNTIME_IDENTITY	libc/puts.o	puts	0x0019e414	0x0	0x60	0x50	8e040f72610322629a3392f97b26c9dccf0eb3d1392c93692561a6323ffc025f	puts_like_recovered	app/main_bootstrap.o;app/main_flow_recovered.o	pinned F_puts appends newline and returns len+1; target writes without newline; runtime override identity remains unproved
sprintf	MEMBER_TEXT_EXACT	libc/sprintf.o	sprintf	0x0019e3d0	0x0	0x44	0x44	1adefef8a28b0cc44a6ef93c1d7042f59b4dd5bfc0d33fe923e93cceceabfe4c	sprintf_recovered	ps2/path_helpers_recovered.o;ps2/progress12_io_state_recovered.o;ps2/small_dispatch_recovered.o;snes9x/memmap_metadata_recovered.o;zlib/gzio_recovered.o	complete member text and symbol offset; final relocation values/data placement remain separate
strcat	MEMBER_TEXT_EXACT	libc/strcat.o	strcat	0x0019c3d4	0x0	0x38	0x38	bed4556f3f1a6e88dd681b2e8c1ac8d051958157051401dcb8377deef9502237	sn_strcat_0019c3d4	ps2/path_helpers_recovered.o;zlib/gzio_recovered.o	complete member text and symbol offset; final relocation values/data placement remain separate
strchr	MEMBER_TEXT_EXACT	libc/strchr.o	strchr	0x0019c610	0x0	0x38	0x38	03646cb7c550f381c3be186b987da0b9568ef7526df434289e33eebc19743288	sn_strchr_0019c610	ps2/path_helpers_recovered.o;ps2/progress21_small_helpers_recovered.o	complete member text and symbol offset; final relocation values/data placement remain separate
strcmp	MEMBER_TEXT_EXACT	libc/strcmp.o	strcmp	0x0019c648	0x0	0x40	0x40	6cd83dc8cddc5055f0a598c6f3d52530a9339c2fbbb5ba877c9e198509fe87ef	sn_strcmp_0019c648	unzip/unzip_api_recovered.o	complete member text and symbol offset; final relocation values/data placement remain separate
strcpy	MEMBER_TEXT_EXACT	libc/strcpy.o	strcpy	0x0019c528	0x0	0x28	0x28	9b08d4ac7a7168b130b955f72b652b52df632cb88b835cb91e4b2f429dc127a7	sn_strcpy_0019c528	ps2/libpad_recovered.o;ps2/path_helpers_recovered.o;snes9x/memmap_metadata_recovered.o;zlib/gzio_recovered.o	complete member text and symbol offset; final relocation values/data placement remain separate
strlen	MEMBER_TEXT_EXACT	libc/strlen.o	strlen	0x0019c5e8	0x0	0x28	0x28	874c4fc13a6412444b0231c4cf0a53730fb6841121cb5ae2585552fef4b4a00b	sn_strlen_0019c5e8	ps2/libmc_recovered.o;ps2/loadfile_iop_recovered.o;ps2/path_helpers_recovered.o;ps2/progress27_large_state_cpu_batch_recovered.o;unzip/unzip_api_recovered.o;zlib/gzio_recovered.o	complete member text and symbol offset; final relocation values/data placement remain separate
strncpy	MEMBER_TEXT_EXACT	libc/strncpy.o	strncpy	0x0019c550	0x0	0x54	0x54	325d3e4c4d0dc202a4b577f03878a5abd78d4a6dde8114abdd62ef8e03c1da77	sn_strncpy_0019c550	ps2/cdvd_rpc_historical_recovered.o;ps2/fileio_recovered.o;ps2/libmc_recovered.o;ps2/loadfile_iop_recovered.o;ps2/path_helpers_recovered.o;ps2/progress21_small_helpers_recovered.o	complete member text and symbol offset; final relocation values/data placement remain separate
strrchr	MEMBER_TEXT_EXACT	libc/strrchr.o	strrchr	0x0019eaa4	0x0	0x54	0x54	010a505af0e00058aff92daa3a808e25cf76cb2eb1572ff423cf1bc7c56cbbb0	strrchr_0019eaa4	ps2/audio_rpc_recovered.o;ps2/path_helpers_recovered.o;ps2/progress21_small_helpers_recovered.o	complete member text and symbol offset; final relocation values/data placement remain separate
strtol	MEMBER_TEXT_EXACT	libc/strtol.o	strtol	0x0019eb80	0x0	0x22c	0x22c	30408be72a59b145efb678fc251ddf9faa0d8c3e396ab1a5a8752dc60f7a43b7	strtol_0019eb80	ps2/progress21_small_helpers_recovered.o;ps2/progress27_large_state_cpu_batch_recovered.o	complete member text and symbol offset; final relocation values/data placement remain separate
vsprintf	MEMBER_TEXT_EXACT	libc/vsprintf.o	vsprintf	0x0019e364	0x0	0x24	0x24	1005b42abd8b4fc0d4a3838a0e634a0a279a7f1993af026a641f1f0800809ebf	vsprintf_recovered	zlib/gzio_recovered.o	complete member text and symbol offset; final relocation values/data placement remain separate
