member	status	source_revision	source	define	profile	input_closure_sha256	target_base	text_size_hex	text_sha256	normalized_sha256	target_sha256	relocation_count	symbols_sha256
kernel/SifAllocIopHeap.o	MEMBER_TEXT_EXACT	a80df908256955382f102278400b5d713552dbce	ee/kernel/src/iopheap.c	F_SifAllocIopHeap	ps2lib-ee-gcc-3.2.2-os-default-abi	17b2d9d0e98d5bef2b9acffbe8365dbd837bc0c5edec6e2141721e83ed1fa213	0x0019d63c	0x7c	219bb899c8d1fa62a7d42eb5ca8e28b31c648cdc355911ff8cbfff90289798ba	219bb899c8d1fa62a7d42eb5ca8e28b31c648cdc355911ff8cbfff90289798ba	07f5b59618070e8e60049de6efcca1e8701fb11bf48dbe3053540fff7edee07b	6	01ff6fb18fc0bb681b1b5a6da04e2f290ca12eea5ecdaf5f6a83bfec9e4aaa36
kernel/SifBindRpc.o	MEMBER_TEXT_EXACT	a80df908256955382f102278400b5d713552dbce	ee/kernel/src/sifrpc.c	F_SifBindRpc	ps2lib-ee-gcc-3.2.2-os-default-abi	a596a5bf04355807410d3925d36d36e907d330716c53870d1f673c92ddb0f82b	0x0019c688	0x128	1e1abd1534ae93596d8b7f5c44af8747886fc4bab04e024d271c7c2f9b613c34	1e1abd1534ae93596d8b7f5c44af8747886fc4bab04e024d271c7c2f9b613c34	cf641b0cb74444114f4c13f183f9120f0a83cd6d55ebac6c3c1a6d842f6f65ea	8	a406de6f118be6f965b8ac71e200dfced6d45e6f53239df3a755ccef0c90ca8c
kernel/SifCallRpc.o	MEMBER_TEXT_EXACT	a80df908256955382f102278400b5d713552dbce	ee/kernel/src/sifrpc.c	F_SifCallRpc	ps2lib-ee-gcc-3.2.2-os-default-abi	a596a5bf04355807410d3925d36d36e907d330716c53870d1f673c92ddb0f82b	0x0019c7b0	0x1b0	b3393c3d09540c1f9bbeda78f0e1175576bc8ee3d383c4d1f76919aae541a407	b3393c3d09540c1f9bbeda78f0e1175576bc8ee3d383c4d1f76919aae541a407	5c5eba816039f3ace7896c9b4752e0b6984ed993d4fff5d2b2e39881fa6fbda6	10	caf7492a72f945dd48a46415169fa1f4eece3ce0f34882f856dac32dbb8c95ab
kernel/SifFreeIopHeap.o	MEMBER_TEXT_EXACT	a80df908256955382f102278400b5d713552dbce	ee/kernel/src/iopheap.c	F_SifFreeIopHeap	ps2lib-ee-gcc-3.2.2-os-default-abi	17b2d9d0e98d5bef2b9acffbe8365dbd837bc0c5edec6e2141721e83ed1fa213	0x0019d6b8	0x88	45248c648c93fc7583024c53289a618bc09a7cace34857cd9ebcf226ddcee874	45248c648c93fc7583024c53289a618bc09a7cace34857cd9ebcf226ddcee874	3c834a1fa5b36df85bc5998fc7d67b1cf74650f1f177f2fd6e50025edb91c812	6	d53df0831b0d37429e0ddd329f1f1e5aed83abb7d1d5fbbaf1c311f8d2aac7d5
kernel/SifInitIopHeap.o	MEMBER_TEXT_EXACT	a80df908256955382f102278400b5d713552dbce	ee/kernel/src/iopheap.c	F_SifInitIopHeap	ps2lib-ee-gcc-3.2.2-os-default-abi	17b2d9d0e98d5bef2b9acffbe8365dbd837bc0c5edec6e2141721e83ed1fa213	0x0019f9e8	0xc0	494d0e386a8f8ba672481f8420a4786aace94ee981c806ad0a97559e14c7f64d	494d0e386a8f8ba672481f8420a4786aace94ee981c806ad0a97559e14c7f64d	35ba2314ac67dca4a6f9102d2804cef1e9e23a55ce05c27a8211db4786405d4f	10	ea13d3e3bcdb236ae2efd0f5e696e827c158eb7966bf8d791dc81424f096d2bd
kernel/SifIopReset.o	MEMBER_TEXT_EXACT	a80df908256955382f102278400b5d713552dbce	ee/kernel/src/iopcontrol.c	F_SifIopReset	ps2lib-ee-gcc-3.2.2-os-default-abi	fbf6435fa537b52614a76a61eeaeec89023c2a24cade7e6eab47d95319a5325c	0x0019d740	0x10c	08905bcbfe7c7590ba1ef2601eec7c376b8b47e81774c174377d03a556f275f7	08905bcbfe7c7590ba1ef2601eec7c376b8b47e81774c174377d03a556f275f7	0276aef0f041d32f59609ce960505882b3b049830740f5ef92f694833abb8afd	11	6cd41138d008d65f15b0082214924e74d94a0faa71ae3a5deb9015d00acdd410
kernel/SifLoadFileInit.o	MEMBER_TEXT_EXACT	a80df908256955382f102278400b5d713552dbce	ee/kernel/src/loadfile.c	F_SifLoadFileInit	ps2lib-ee-gcc-3.2.2-os-default-abi	666e3d73eecb1328670608b43d46afb2067475e8ec215452196d36e2bf8db124	0x0019fd20	0xbc	4b49480af677b2fd6cad020ad6210159b52bfbb8fda4923ba5705c4e41a368bb	4b49480af677b2fd6cad020ad6210159b52bfbb8fda4923ba5705c4e41a368bb	2d93ad69e51a90ba797bf3054d8e4ba0c9e33cc346ac6a05096b9f6950989bde	9	e1e8dfac07cf0079e62192a76f03e63b103724351028519fababab13c2d2b0e9
kernel/SifLoadModule.o	MEMBER_TEXT_EXACT	a80df908256955382f102278400b5d713552dbce	ee/kernel/src/loadfile.c	F_SifLoadModule	ps2lib-ee-gcc-3.2.2-os-default-abi	666e3d73eecb1328670608b43d46afb2067475e8ec215452196d36e2bf8db124	0x0019d600	0x20	b8a76ed220dc2111dd3c7cb9ae0cca34a9d5b15de4339f514baee3b9a68775ee	b8a76ed220dc2111dd3c7cb9ae0cca34a9d5b15de4339f514baee3b9a68775ee	672414e8c9a73b05628729e03d115edd78431f19d5b50e52690e6b22175ea49b	1	611663fba1ec4385ff2ac098181c65a08c1c8d52d118cc02a8fdb845a3f79c82
kernel/SifLoadModuleBuffer.o	MEMBER_TEXT_EXACT	a80df908256955382f102278400b5d713552dbce	ee/kernel/src/loadfile.c	F_SifLoadModuleBuffer	ps2lib-ee-gcc-3.2.2-os-default-abi	666e3d73eecb1328670608b43d46afb2067475e8ec215452196d36e2bf8db124	0x0019d620	0x1c	636cf6d6ba9b8b3c8ed59d83de9279374db4101f28427ccad95ad9ec80aef417	636cf6d6ba9b8b3c8ed59d83de9279374db4101f28427ccad95ad9ec80aef417	ce1da5c59125cac4cc01371568346e35be1a0e1f5024ffe881044b4367cf75ef	1	e9edb30e383c92cfbe7df612f0a734bbaf0ff319b7de27162bbea56357b28fdc
kernel/SifRpcMain.o	MEMBER_TEXT_EXACT	a80df908256955382f102278400b5d713552dbce	ee/kernel/src/sifrpc.c	F_SifRpcMain	ps2lib-ee-gcc-3.2.2-os-default-abi	a596a5bf04355807410d3925d36d36e907d330716c53870d1f673c92ddb0f82b	0x0019c960	0x410	94d16738956f7be4225404e8ae399e33c21828b37a100c59df0f044b5f993a26	e3be9e12d38f025ffcb0c10531e8e8cbeec65169ec1025ed8d49ba7e94c777db	aeb109225615dade065f751bf8bf002d37799c994bac4ed548c2d072e8e656b2	37	4fe84f149e4b945fb64516af9814084e5170f21074c035809582067823ea4a68
kernel/fio_close.o	MEMBER_TEXT_EXACT	a80df908256955382f102278400b5d713552dbce	ee/kernel/src/fileio.c	F_fio_close	ps2lib-ee-gcc-3.2.2-os-default-abi	94fa558efeee9d518dc13522da10aec18ef4f58c8df230640a4b7ec3aa7149e0	0x0019d090	0x90	ea913341df7e1fb1660919bc33f38532e7dd6a19737fe5343dead9239f4da5dc	ea913341df7e1fb1660919bc33f38532e7dd6a19737fe5343dead9239f4da5dc	c3a539a522245edc300ddaf7e205d9888717033c77e15652cd7b85d8dcf7f634	11	840ccb2d6a398849b6bde9a10e7a74fd0cdfabf52f9d51d17a907698243e7cf8
kernel/fio_lseek.o	MEMBER_TEXT_EXACT	a80df908256955382f102278400b5d713552dbce	ee/kernel/src/fileio.c	F_fio_lseek	ps2lib-ee-gcc-3.2.2-os-default-abi	94fa558efeee9d518dc13522da10aec18ef4f58c8df230640a4b7ec3aa7149e0	0x0019d360	0xb0	ab998add22e7c16096302a0e2e44fd6ac5c1895986b888630dbbf3ed717fdd30	ab998add22e7c16096302a0e2e44fd6ac5c1895986b888630dbbf3ed717fdd30	91175fa55e3646ea745ed8ba7cff4b828929adc74038f276148b6d32b4411312	11	19246791791163dc8a2c8beed69aabd835fa96db04d8248458af1b8571ef88ea
kernel/fio_main.o	MEMBER_TEXT_EXACT	a80df908256955382f102278400b5d713552dbce	ee/kernel/src/fileio.c	F_fio_main	ps2lib-ee-gcc-3.2.2-os-default-abi	94fa558efeee9d518dc13522da10aec18ef4f58c8df230640a4b7ec3aa7149e0	0x0019f600	0x1e8	b16a1ca7d67110d738ca64478b324ace01286cf64bf78e9c1cd2371bec5dc2aa	b16a1ca7d67110d738ca64478b324ace01286cf64bf78e9c1cd2371bec5dc2aa	3aa066d167081b42ab41724272342a9731e2a2adbfa44e6e88b3eaff028f8c04	34	f2e57e31e33ec6ae33e490215f8c6b530061fd2821afae5aafaecd2012d54309
kernel/fio_open.o	MEMBER_TEXT_EXACT	a80df908256955382f102278400b5d713552dbce	ee/kernel/src/fileio.c	F_fio_open	ps2lib-ee-gcc-3.2.2-os-default-abi	94fa558efeee9d518dc13522da10aec18ef4f58c8df230640a4b7ec3aa7149e0	0x0019cfc0	0xd0	b558c1b0a7050ffc18439983fbcf75a9dbec3319b4c3a3c9b5ac3fea7d0f0cea	b558c1b0a7050ffc18439983fbcf75a9dbec3319b4c3a3c9b5ac3fea7d0f0cea	2a49051f199760d72a11183dd1e72e203b541bacd5d8f6696ae5a9a7458586b0	18	fc7b4bace6e4f78b384b1e83319347598a06abfca0ad9a13ce9d23bbab34f7ae
kernel/fio_putc.o	MEMBER_TEXT_EXACT	a80df908256955382f102278400b5d713552dbce	ee/kernel/src/fileio.c	F_fio_putc	ps2lib-ee-gcc-3.2.2-os-default-abi	94fa558efeee9d518dc13522da10aec18ef4f58c8df230640a4b7ec3aa7149e0	0x0019d534	0x24	fc390e061c95353d62e4e7e105ceecbaa550d22d0f102e9da23aec02370aa476	fc390e061c95353d62e4e7e105ceecbaa550d22d0f102e9da23aec02370aa476	d1049146c1b24e083e5abe7d448ea5068d91507e31a4ba2fea69f4a8c6479270	1	a642d3583f2bc3595178c94a121953f6527d43ab9d600a4f915e95097f7ddaa6
kernel/fio_read.o	MEMBER_TEXT_EXACT	a80df908256955382f102278400b5d713552dbce	ee/kernel/src/fileio.c	F_fio_read	ps2lib-ee-gcc-3.2.2-os-default-abi	94fa558efeee9d518dc13522da10aec18ef4f58c8df230640a4b7ec3aa7149e0	0x0019d120	0x124	a47ef4db846daa4265ea7468b36007e7c658204ad4a3cc3f87a93e10ea908221	a47ef4db846daa4265ea7468b36007e7c658204ad4a3cc3f87a93e10ea908221	09b8909b41617682f4ef208708efe06175a93320a4d5ac8fbba5a9b171cbb59c	22	d778ffea289c91a103d99615320f34b2841e1e746194b81c0fb651f9c7252555
kernel/fio_write.o	MEMBER_TEXT_EXACT	a80df908256955382f102278400b5d713552dbce	ee/kernel/src/fileio.c	F_fio_write	ps2lib-ee-gcc-3.2.2-os-default-abi	94fa558efeee9d518dc13522da10aec18ef4f58c8df230640a4b7ec3aa7149e0	0x0019d244	0x11c	20d764819984ad8d50e4bd2dcafc28bc92a5fae6f0fdba63834d5bc0bca4a0d5	20d764819984ad8d50e4bd2dcafc28bc92a5fae6f0fdba63834d5bc0bca4a0d5	d0fa02c9ab2d06131fb69109600217cb6014d6e1af28dc84c0a124c345f02201	20	bdfd3e2e38296b671179bc68b7a4227016cabf7bbe0e1d824d186f0268c0c1b9
kernel/sif_cmd_addhandler.o	MEMBER_TEXT_EXACT	a80df908256955382f102278400b5d713552dbce	ee/kernel/src/sifcmd.c	F_sif_cmd_addhandler	ps2lib-ee-gcc-3.2.2-os-default-abi	9322a1b5340fd17024cf14238388f002c98dec1ae7adaf3cfd3225a7fae69ae1	0x0019f544	0x38	fbf9483a75995a2590153d7f872987d8dfa4434cf0037160d12f1046facaf05f	fbf9483a75995a2590153d7f872987d8dfa4434cf0037160d12f1046facaf05f	c2f80326dff0601f515ae26ea00946d9792f755ac697478738153c9a1b0bbd61	2	1a3f8c0e02f29dffcdf89c20fd9754a6b6a47273c1df399038b4a8f283dd621d
kernel/sif_cmd_main.o	MEMBER_TEXT_EXACT	a80df908256955382f102278400b5d713552dbce	ee/kernel/src/sifcmd.c	F_sif_cmd_main	ps2lib-ee-gcc-3.2.2-os-default-abi	9322a1b5340fd17024cf14238388f002c98dec1ae7adaf3cfd3225a7fae69ae1	0x0019f2dc	0x268	3504e9f8dc99224f369f62ec12d3ad9f102f2aaa16eb4cee7c4d52b4a29296ad	7dc24f60965dcb1b59b92bdbc26659c24dec15e17ed35a11f4f1e7badda2816e	8bbb33392d0b02ed993b25ce967c6d56a50f9ef0e90cb55c2897d25a3430b449	43	027ca5f7f5f342fad014aeb3024b9d1a869fea49ddbc581d482e6cf691337fb2
kernel/sif_cmd_send.o	MEMBER_TEXT_EXACT	a80df908256955382f102278400b5d713552dbce	ee/kernel/src/sifcmd.c	F_sif_cmd_send	ps2lib-ee-gcc-3.2.2-os-default-abi	9322a1b5340fd17024cf14238388f002c98dec1ae7adaf3cfd3225a7fae69ae1	0x0019f138	0x1a4	469f26d2a150b0d5d01b4249eaa6405084d4c647f9d6e665db4b05a59ea2e10e	a506d1e6b8616ffc4fe2848cc6eda164f07812105978fb954a03158f8873dd7c	d79ae64533bfe94e76525d4ef3e40456210c44395cd77ffe7e11cb71e4894c02	8	ba106cee14ed578db7ce9a2f67a125099dfa81ced16c5cf0c9da54a5a77efadd
kernel/sif_sreg_get.o	MEMBER_TEXT_EXACT	a80df908256955382f102278400b5d713552dbce	ee/kernel/src/sifcmd.c	F_sif_sreg_get	ps2lib-ee-gcc-3.2.2-os-default-abi	9322a1b5340fd17024cf14238388f002c98dec1ae7adaf3cfd3225a7fae69ae1	0x0019f57c	0x18	6b783332d2380c63020028197fa3c401fe64aa4ebfdddbba15f9f288bbe1649c	f8c049fef32b122631c26e4bd811c71feca792b9eb92aba8fe18456a2bda4aee	4e3971eaa971309f71f9696d73f45d98ca34a98b9c4f70e7fd14c314facf45bc	2	f6af1a35e14a4665171188593ad43f469d995d8fc827410b8a1959491e6819d2
libc/calloc.o	MEMBER_TEXT_EXACT	694100b78ad5bc8f8248a1138143860af4f8435f	ee/libc/src/alloc.c	F_calloc	ps2lib-ee-gcc-3.2.2-os-default-abi	774ae9cbbba07826760bb3ade41f05841a819ca5ce9d0c9ff08c87de3134b3ca	0x0019e648	0x50	300dd8f26d0d9111789585507b5ad194b03a790ca6934bc7ff6e30896f9923da	300dd8f26d0d9111789585507b5ad194b03a790ca6934bc7ff6e30896f9923da	36b68ed9c8867646d59f25ba74d9cc1f5f0f8e270d1e7f8a2e1c330b013263b4	2	c031575c1af8098ad9493d041e2c708524cc3aa0a6320e6bac8393b882650911
libc/free.o	MEMBER_TEXT_EXACT	694100b78ad5bc8f8248a1138143860af4f8435f	ee/libc/src/alloc.c	F_free	ps2lib-ee-gcc-3.2.2-os-default-abi	774ae9cbbba07826760bb3ade41f05841a819ca5ce9d0c9ff08c87de3134b3ca	0x0019e784	0xdc	27ba55ca23894c659eb791fd4f156a631309a6a23131fe8bbae7705c5770b215	27ba55ca23894c659eb791fd4f156a631309a6a23131fe8bbae7705c5770b215	363414a731bb81cf34744c698c8cd525bf0fb0724e5ca5ed5926c56eb374c4f5	10	82541ef91dacf046c801b2cad9e50a64c77c3456483a9cbd6623c53ea6901721
libc/malloc.o	MEMBER_TEXT_EXACT	694100b78ad5bc8f8248a1138143860af4f8435f	ee/libc/src/alloc.c	F_malloc	ps2lib-ee-gcc-3.2.2-os-default-abi	774ae9cbbba07826760bb3ade41f05841a819ca5ce9d0c9ff08c87de3134b3ca	0x0019e474	0x1d4	5b80fd0406b837aa87b21b13183feaf7604a8a78d441bedfa8741633ed258609	5b80fd0406b837aa87b21b13183feaf7604a8a78d441bedfa8741633ed258609	d1ec5de40e76eba82a77e48104e878f9c21d3479ebd35f06a5e097b298aafb44	20	309a6d6ddef86998f7baf8bce6f50243f1aab896b9e97f64c58a44eda3bdc895
libc/memcmp.o	MEMBER_TEXT_EXACT	694100b78ad5bc8f8248a1138143860af4f8435f	ee/libc/src/memcmp.S		ps2lib-ee-gcc-3.2.2-os-default-abi	010008f1400a52f8702d018c93882adbab874dc5ef757dd9da004b5241e327b5	0x0019c458	0x48	0556d7c3c5cb4a32bf1e73abe1877da01b41adb9b52700f6a29fb506cb530b21	0556d7c3c5cb4a32bf1e73abe1877da01b41adb9b52700f6a29fb506cb530b21	0556d7c3c5cb4a32bf1e73abe1877da01b41adb9b52700f6a29fb506cb530b21	0	0f6bb570640726cecb60d8943b7bce07a51fdce77adcf77a55b21b90f7071454
libc/memcpy.o	MEMBER_TEXT_EXACT	694100b78ad5bc8f8248a1138143860af4f8435f	ee/libc/src/memcpy.S		ps2lib-ee-gcc-3.2.2-os-default-abi	ff1e4be118c264d5daae1ff93eed0f345816a8b440b0cb474e0d9ea96cb65a5c	0x0019c364	0x38	48cdda1e294bc3aa7e48cccef08bb0a8108b9ab687fd0f875c300aa2e2eacf27	48cdda1e294bc3aa7e48cccef08bb0a8108b9ab687fd0f875c300aa2e2eacf27	48cdda1e294bc3aa7e48cccef08bb0a8108b9ab687fd0f875c300aa2e2eacf27	0	1fc4764a08ece6dda7e518c57cd289d5800adc95083a50b977bd5c441fa3a660
libc/memmove.o	MEMBER_TEXT_EXACT	694100b78ad5bc8f8248a1138143860af4f8435f	ee/libc/src/memmove.S		ps2lib-ee-gcc-3.2.2-os-default-abi	a7e118d2ed84710844abfb142125bee7d4817f5cc2deaac52ad8e721cae07f21	0x0019c4a0	0x88	2c186336c5b6a90179b8d87225a562a458f9eb58ca86322cfb1630950f3336ed	2c186336c5b6a90179b8d87225a562a458f9eb58ca86322cfb1630950f3336ed	2c186336c5b6a90179b8d87225a562a458f9eb58ca86322cfb1630950f3336ed	0	c75c5ce7838b0df1994d1cd1dc39f4eb70034f7301c6be53d4452055a57120dc
libc/memset.o	MEMBER_TEXT_EXACT	694100b78ad5bc8f8248a1138143860af4f8435f	ee/libc/src/memset.S		ps2lib-ee-gcc-3.2.2-os-default-abi	cab983855e95dc5351f5ef5684e48ac9ab5cbda734f50d1047ce3354c8ffd133	0x0019c39c	0x38	cecbe61c3a5bab20064a2941574a50bd6e9c1727fc5c161be546310cd045a731	cecbe61c3a5bab20064a2941574a50bd6e9c1727fc5c161be546310cd045a731	cecbe61c3a5bab20064a2941574a50bd6e9c1727fc5c161be546310cd045a731	0	8b116bc5ad4f54743ea6f40fa4650406b7c7c17e80ea40c0541110af9c48fc98
libc/printf.o	MEMBER_TEXT_EXACT	694100b78ad5bc8f8248a1138143860af4f8435f	ee/libc/src/xprintf.c	F_printf	ps2lib-ee-gcc-3.2.2-os-default-abi	aef6271626a957d9c8f5b5f965d4a1b61232cff4f60fb61b2c71b60cc21b97f6	0x0019e388	0x48	a3bc11c8735700c2e49c15298a061bd8d171eca5cceb019baa0145aeca35f979	a3bc11c8735700c2e49c15298a061bd8d171eca5cceb019baa0145aeca35f979	22ab8f8f9deb28090014e1ddc2607d6b21401910ca52796881395ef51e8d73a1	1	e8b11bf1653d013af18cc49847fc39793d431e9b6740bd3a58b948e11cd1c96d
libc/puts.o	BLOCKED_RUNTIME_IDENTITY	694100b78ad5bc8f8248a1138143860af4f8435f	ee/libc/src/xprintf.c	F_puts	ps2lib-ee-gcc-3.2.2-os-default-abi	aef6271626a957d9c8f5b5f965d4a1b61232cff4f60fb61b2c71b60cc21b97f6		0x50	2a24e6f739e1f6d9587afe734b96791fd72c10bf86a553cc02fb0ae7c5dca455	2a24e6f739e1f6d9587afe734b96791fd72c10bf86a553cc02fb0ae7c5dca455		3	4d8e882d4c4bd346252de636c5aa7fca0ea1e41dcd3caadbdc906eff217d931d
libc/sprintf.o	MEMBER_TEXT_EXACT	694100b78ad5bc8f8248a1138143860af4f8435f	ee/libc/src/xprintf.c	F_sprintf	ps2lib-ee-gcc-3.2.2-os-default-abi	aef6271626a957d9c8f5b5f965d4a1b61232cff4f60fb61b2c71b60cc21b97f6	0x0019e3d0	0x44	c5fda8afdb7788521f5fb2fe076bcd7f3c70c0bcd2f587eaa9686dc5edebcd4b	c5fda8afdb7788521f5fb2fe076bcd7f3c70c0bcd2f587eaa9686dc5edebcd4b	1adefef8a28b0cc44a6ef93c1d7042f59b4dd5bfc0d33fe923e93cceceabfe4c	1	0169bb26335e1476638b076f51d86f614d6de2d8532aedbd35d0938173c812bf
libc/strcat.o	MEMBER_TEXT_EXACT	694100b78ad5bc8f8248a1138143860af4f8435f	ee/libc/src/strcat.S		ps2lib-ee-gcc-3.2.2-os-default-abi	cffc51b73f9662f61fd97540bd87dcc8a6713d671d66b7aaadd25851637a5709	0x0019c3d4	0x38	55c1b1cf9bebfaf632daf52fc6d4227b1c3f2b551d16e1bf46d3f33e5a418cf6	55c1b1cf9bebfaf632daf52fc6d4227b1c3f2b551d16e1bf46d3f33e5a418cf6	bed4556f3f1a6e88dd681b2e8c1ac8d051958157051401dcb8377deef9502237	1	79b4e886b4358d60fe6bbd4574e0c11bfea8952dfe819c800edd5b22e957aca7
libc/strchr.o	MEMBER_TEXT_EXACT	694100b78ad5bc8f8248a1138143860af4f8435f	ee/libc/src/strchr.S		ps2lib-ee-gcc-3.2.2-os-default-abi	0712af743beb533b8210ad314c4a9793bedc261fbfc90357aebea9b5c4d68fa7	0x0019c610	0x38	03646cb7c550f381c3be186b987da0b9568ef7526df434289e33eebc19743288	03646cb7c550f381c3be186b987da0b9568ef7526df434289e33eebc19743288	03646cb7c550f381c3be186b987da0b9568ef7526df434289e33eebc19743288	0	833a471483076561465eae1bfb2649f3730a50b25c0c245469d6c55432be0ba7
libc/strcmp.o	MEMBER_TEXT_EXACT	694100b78ad5bc8f8248a1138143860af4f8435f	ee/libc/src/strcmp.S		ps2lib-ee-gcc-3.2.2-os-default-abi	7acfc947dbf6a456083f89c06a3f908f49cc842924ee4b858189adf930dde703	0x0019c648	0x40	6cd83dc8cddc5055f0a598c6f3d52530a9339c2fbbb5ba877c9e198509fe87ef	6cd83dc8cddc5055f0a598c6f3d52530a9339c2fbbb5ba877c9e198509fe87ef	6cd83dc8cddc5055f0a598c6f3d52530a9339c2fbbb5ba877c9e198509fe87ef	0	3f58e5f352e36c11d6d4d6a6d3f980b6d1bdc761eb995b6e1e2156f12e58a184
libc/strcpy.o	MEMBER_TEXT_EXACT	694100b78ad5bc8f8248a1138143860af4f8435f	ee/libc/src/strcpy.S		ps2lib-ee-gcc-3.2.2-os-default-abi	e3170c08d1da75d2675a372b3f7a063a474cfdc4690355584d0e7d2466248493	0x0019c528	0x28	9b08d4ac7a7168b130b955f72b652b52df632cb88b835cb91e4b2f429dc127a7	9b08d4ac7a7168b130b955f72b652b52df632cb88b835cb91e4b2f429dc127a7	9b08d4ac7a7168b130b955f72b652b52df632cb88b835cb91e4b2f429dc127a7	0	cd9ef78f6321c34a95a91a9e7b0778977e58468ea7ccf144a4c0ab655f398262
libc/strlen.o	MEMBER_TEXT_EXACT	694100b78ad5bc8f8248a1138143860af4f8435f	ee/libc/src/strlen.S		ps2lib-ee-gcc-3.2.2-os-default-abi	bda3a20a5d876c20fb7dfdfcfecb54d28ba096b70f8a70080d837a5f62a03047	0x0019c5e8	0x28	874c4fc13a6412444b0231c4cf0a53730fb6841121cb5ae2585552fef4b4a00b	874c4fc13a6412444b0231c4cf0a53730fb6841121cb5ae2585552fef4b4a00b	874c4fc13a6412444b0231c4cf0a53730fb6841121cb5ae2585552fef4b4a00b	0	4dbf2afffc545306f963479e43da66a1733b09c77d93849b4c73fc257dba14b2
libc/strncpy.o	MEMBER_TEXT_EXACT	694100b78ad5bc8f8248a1138143860af4f8435f	ee/libc/src/strncpy.S		ps2lib-ee-gcc-3.2.2-os-default-abi	e736fcc31c940cabb7c4b0e666472f0ada1b9b9078b77526e34b44cb114d5697	0x0019c550	0x58	779aa1654a068169778f6229c5da9d5ea2d198e8a89b70866506bef33e9585b8	779aa1654a068169778f6229c5da9d5ea2d198e8a89b70866506bef33e9585b8	779aa1654a068169778f6229c5da9d5ea2d198e8a89b70866506bef33e9585b8	0	efc8ba0bae50c0e7158c15c5fdfa0ddd43e4e32ec5b940862b11a95f6cf3ad4c
libc/strrchr.o	MEMBER_TEXT_EXACT	694100b78ad5bc8f8248a1138143860af4f8435f	ee/libc/src/string.c	F_strrchr	ps2lib-ee-gcc-3.2.2-os-default-abi	e33c2a5d3ea00e50fd078e14f22f2e4f3101cacb002412256ddc2c17afa4c95b	0x0019eaa4	0x54	f269c969e00590b307240bf722ec1b072344e78c4d7593136dc18d110fc5dc24	f269c969e00590b307240bf722ec1b072344e78c4d7593136dc18d110fc5dc24	010a505af0e00058aff92daa3a808e25cf76cb2eb1572ff423cf1bc7c56cbbb0	2	befce95ff0aa869126dc746fb5829619afeb51b12547e88ced662af547fbafe1
libc/strtol.o	MEMBER_TEXT_EXACT	694100b78ad5bc8f8248a1138143860af4f8435f	ee/libc/src/string.c	F_strtol	ps2lib-ee-gcc-3.2.2-os-default-abi	e33c2a5d3ea00e50fd078e14f22f2e4f3101cacb002412256ddc2c17afa4c95b	0x0019eb80	0x22c	9b7641a661d482b5fa55c2fbfa1eb94df85cba027af4445545fd1bb9e63a41af	9b7641a661d482b5fa55c2fbfa1eb94df85cba027af4445545fd1bb9e63a41af	30408be72a59b145efb678fc251ddf9faa0d8c3e396ab1a5a8752dc60f7a43b7	9	1ba37bb89b55a938056d095d87ea7a84a2d0f77e592bd442320e12630f23d160
libc/terminate.o	BLOCKED_RUNTIME_IDENTITY	a80df908256955382f102278400b5d713552dbce	ee/libc/src/terminate.c		ps2lib-ee-gcc-3.2.2-os-default-abi	bc265f16d0b56b882eee056d8fea8a4de624b655f3b960d4ad9cf8d354040c19		0x44	739b112f3b3d3c7eb34c61851d9a6cd8294bd08b210c9827af72a60694df7b18	739b112f3b3d3c7eb34c61851d9a6cd8294bd08b210c9827af72a60694df7b18		5	beeeecc03ab23c6e1c4672491b154ecef35d4622def31195b472ccce262bcd04
libc/vsprintf.o	MEMBER_TEXT_EXACT	694100b78ad5bc8f8248a1138143860af4f8435f	ee/libc/src/xprintf.c	F_vsprintf	ps2lib-ee-gcc-3.2.2-os-default-abi	aef6271626a957d9c8f5b5f965d4a1b61232cff4f60fb61b2c71b60cc21b97f6	0x0019e364	0x24	3233910aa0670b7878a35e91a1d5f21a89c624e3e68a3b5e4880973f4378199f	3233910aa0670b7878a35e91a1d5f21a89c624e3e68a3b5e4880973f4378199f	1005b42abd8b4fc0d4a3838a0e634a0a279a7f1993af026a641f1f0800809ebf	1	5fd44893a3f09d366aa9ab0056e4c5c93b933eafba5661eea8ed47422eb8e044
mc/libmc.o	MEMBER_TEXT_EXACT	694100b78ad5bc8f8248a1138143860af4f8435f	ee/rpc/memorycard/src/libmc.c		ps2lib-ee-gcc-3.2.2-os-default-abi	475110356ff4a5efc93ded390aa544cc9ecf2119c7a26f401db010a719bd3cc9	0x001a0740	0x13b4	eeb1ee64b473307b2dbefe7cb663325f7f4e5119c4185527af7c1c9c123bcbe0	fbfe4cd9b4a0ad45ef63ac7600c5c18c0aa11830aecfe111b0426e9395b0e507	4f3de7bf33776596b9aa7c9f71d9c3d54f1418b65d6162019de33f0f86419427	382	3bbc2e025c73b696e0e28a9145b08f03785e2b5bb86dc4203bab72f20c5dc7fe
syscall/FlushCache.o	MEMBER_TEXT_EXACT	a80df908256955382f102278400b5d713552dbce	ee/kernel/src/kernel.S	F_FlushCache	ps2lib-ee-gcc-3.2.2-os-default-abi	5af403ab278c666e0945b2086974390f9b8497602ff45b342aea5006cc31de66	0x0019ceb0	0x10	5981c1e46292010b462c1aa96986db0e142b6d8d72e68d4ed765af16db6ee74f	5981c1e46292010b462c1aa96986db0e142b6d8d72e68d4ed765af16db6ee74f	5981c1e46292010b462c1aa96986db0e142b6d8d72e68d4ed765af16db6ee74f	0	63f37f4499a3bea4a0b16d6855b00338f4e79d66fa27e6d63b905c0b00d45bf8
syscall/SifWriteBackDCache.o	MEMBER_TEXT_EXACT	a80df908256955382f102278400b5d713552dbce	ee/kernel/src/kernel.S	F_SifWriteBackDCache	ps2lib-ee-gcc-3.2.2-os-default-abi	5af403ab278c666e0945b2086974390f9b8497602ff45b342aea5006cc31de66	0x0019cf10	0xb0	c99c8d109a234fdeafee03216e2a1577333badbe8d447147182babb55b1b441e	c99c8d109a234fdeafee03216e2a1577333badbe8d447147182babb55b1b441e	c99c8d109a234fdeafee03216e2a1577333badbe8d447147182babb55b1b441e	0	f681d5a73046d1cf1b52c2a845e6ebf472f3d08c868aada46325f5a0f6f34e9e
