revision	path	sha256
694100b78ad5bc8f8248a1138143860af4f8435f	ee/kernel/include/kernel.h	bc5a2b61e1b9c0e59498bf6a2d6eb832ac52e2ff8847f5766fa0d8984030e9ae
694100b78ad5bc8f8248a1138143860af4f8435f	ee/libc/include/string.h	8bc3dabdfc7f5b1891ff0a8ff9d226ee4e4743873f65264fe7ed1c3de374a06e
694100b78ad5bc8f8248a1138143860af4f8435f	ee/libc/src/alloc.c	cd495affe447ad5c26ddb673398ecb42e3116dc043fb36f8c025f2cfecbf4575
694100b78ad5bc8f8248a1138143860af4f8435f	ee/libc/src/memcmp.S	b759005417efa3a1af00151993d2bf93fc5ab5f12929deaa1544e80d64737670
694100b78ad5bc8f8248a1138143860af4f8435f	ee/libc/src/memcpy.S	f324703fde5f684dcf9d366e8f20dfce60c54f5919b7f7880db05664fbcfd62a
694100b78ad5bc8f8248a1138143860af4f8435f	ee/libc/src/memmove.S	9eb1f7106592d6cd1badec162ebb5bfe08f32fb8a0901de3461744d93a162541
694100b78ad5bc8f8248a1138143860af4f8435f	ee/libc/src/memset.S	bdd5d98086e83c0464ab16a085ea5f806c1ccfb88dfd981f3de15ccd0a9f7fd3
694100b78ad5bc8f8248a1138143860af4f8435f	ee/libc/src/strcat.S	6d2c8474d964f2a50f5071f27f027cd5ceb3b75e5417ead1aeb674f79acf5587
694100b78ad5bc8f8248a1138143860af4f8435f	ee/libc/src/strchr.S	49b0335a2442eb88f703784a1d9c40595c8be14d74885a2ae2d9f610c6dad85b
694100b78ad5bc8f8248a1138143860af4f8435f	ee/libc/src/strcmp.S	0e2ab99e7b9da06ef8f91d0bb332847230eb77c32b6fc0c26675a1a1c6909763
694100b78ad5bc8f8248a1138143860af4f8435f	ee/libc/src/strcpy.S	a55bce9e11a42281ddd71f909b49cd3df8dfd7bbc8b11228caf215c4255e0c97
694100b78ad5bc8f8248a1138143860af4f8435f	ee/libc/src/string.c	54ffd1b2845d412e30c934622bb57c8e85dfe99985e04a93bd634c9c1a696095
694100b78ad5bc8f8248a1138143860af4f8435f	ee/libc/src/strlen.S	0f032238182b28c5c090813d4efbc80e6bba1c278d8bd0367bf2b2dac2d89c7f
694100b78ad5bc8f8248a1138143860af4f8435f	ee/libc/src/strncpy.S	1bdf9a13545f415f14de9f1ad26f5643d105c511f0485454e3f8f1dd4226c80f
694100b78ad5bc8f8248a1138143860af4f8435f	ee/libc/src/xprintf.c	7d14d0033fcf9e0805fc75242004d62bc379d0f6e66c5aede5016e6420bb6252
694100b78ad5bc8f8248a1138143860af4f8435f	ee/rpc/memorycard/include/libmc.h	1ece1b0ddecbf0347c46ac2e9f041dcec9e6b3516be4d0e3a321d14737bf156a
694100b78ad5bc8f8248a1138143860af4f8435f	ee/rpc/memorycard/src/libmc.c	b915d37eb9624421d41236331beea6935afa3530c05922ee8c129d22b55dff6a
94d9757035b8ea935383a11d51ed82ab3f65fc79	ee/kernel/include/iopcontrol.h	da887656b1a0029d1a8012e10c694d1916a89b54615fbce7cc14ff3ea9b37641
94d9757035b8ea935383a11d51ed82ab3f65fc79	ee/libc/include/malloc.h	ee5db905f088daedeed933f8409232eacd16f910a698065159882099ad3c10df
a80df908256955382f102278400b5d713552dbce	common/include/io_common.h	4df4d8e47d202e93f7a0321127208793efe2d4163540cc6f93e0927119f3caba
a80df908256955382f102278400b5d713552dbce	common/include/ps2lib_err.h	e30eeb9ba8ca79bd1a0a2c37259ac5ec7db065207ef04f8295280cbac57747c3
a80df908256955382f102278400b5d713552dbce	common/include/sifcmd.h	6cd756907c8c1683c73edb3ffebe3e96814258940d3c8458d2a0954d59c29d5b
a80df908256955382f102278400b5d713552dbce	common/include/sifdma.h	6efba63352ac6e14c59954d292c67626bd744ec01fafe233c65c7a7b436fe7aa
a80df908256955382f102278400b5d713552dbce	common/include/sifrpc.h	0fde061d7b90c63f61610ac1cbfcd807e9e1c34363afbe4ef6ddfeba385895ac
a80df908256955382f102278400b5d713552dbce	common/include/tamtypes.h	0a570cf40b9036eb6a9ad5f99825d3a153296203f5902d4c48daea9bbd83e38d
a80df908256955382f102278400b5d713552dbce	ee/kernel/include/fileio.h	9219daf1f1b56e54a5e08ac4dcb629cb6be172bd01f0a486ccd638f1adb2bc04
a80df908256955382f102278400b5d713552dbce	ee/kernel/include/iopheap.h	a78a21937538725632388768f3191bc801891ed03d1103153f9b8f243b165374
a80df908256955382f102278400b5d713552dbce	ee/kernel/include/loadfile.h	e10691c18094dd2f77c8ba688c786230e9fac90512e6829be1023085d6923886
a80df908256955382f102278400b5d713552dbce	ee/kernel/src/fileio.c	b434253524d3582e236c737d285c57c0a2317efec769963cd5f50484abda8a08
a80df908256955382f102278400b5d713552dbce	ee/kernel/src/iopcontrol.c	d962bf29717c87099d318c4cfa662c8c6c097ece68650e77e19c861d72fd0cf3
a80df908256955382f102278400b5d713552dbce	ee/kernel/src/iopheap.c	318f5d89fadc1bda27b56870615e31999abfbf0342dbab91453890595ef9998b
a80df908256955382f102278400b5d713552dbce	ee/kernel/src/kernel.S	73787b575c80535865f68476a5dba62169f3cefe0e9c666245c77de037d99185
a80df908256955382f102278400b5d713552dbce	ee/kernel/src/loadfile.c	753ee19a197f813ba80a73e16abc2dfa75ee3bb77ef5bebbbbe614ecbb7425d9
a80df908256955382f102278400b5d713552dbce	ee/kernel/src/sifcmd.c	6f9dbbd279df8985982fcdf5dd97e34b07a879ccf6054fc7a671046d62105ab6
a80df908256955382f102278400b5d713552dbce	ee/kernel/src/sifrpc.c	681acbfc5a8208c85af1eea86682a9e9bf68a26b701f4da60083cd25a947b846
a80df908256955382f102278400b5d713552dbce	ee/libc/src/terminate.c	6852f068fc71092348a9da6f7c26db10062f950d01232c7aad944064ea8ca38e
gcc-3.2.2	limits.h	fd2a25a280514de5e7aa3f18464e1c7984733c37af035f7f3840ee0c0ae18956
gcc-3.2.2	stdarg.h	a43e740c99baa8b131033c467cbef49ebbf86761df76de321c0b23d893af1901
gcc-3.2.2	stddef.h	d46c55c3760cc6120042b58d8ae006d63efc710cd355751f2b130e27208a56c7
