start	end_exclusive	bytes	source
0x0018f598	0x0018f5a4	12	analysis/functions/unzip_api_0018f010.asm
0x0018f960	0x0018f96c	12	analysis/functions/unzip_api_0018f010.asm
0x0019beb4	0x0019becc	24	analysis/functions/cdvd_rpc_0019be70.asm
0x0019c050	0x0019c05c	12	analysis/functions/cdvd_rpc_0019be70.asm
0x0019c0b4	0x0019c0c0	12	analysis/functions/cdvd_rpc_0019be70.asm
0x0019f66c	0x0019f680	20	analysis/functions/libkernel_client_init_0019f5d0.asm
0x0019f688	0x0019f694	12	analysis/functions/libkernel_client_init_0019f5d0.asm
0x0019fa58	0x0019fa6c	20	analysis/functions/libkernel_client_init_0019f5d0.asm
0x0019fa74	0x0019fa80	12	analysis/functions/libkernel_client_init_0019f5d0.asm
0x0019fd90	0x0019fda4	20	analysis/functions/libkernel_client_init_0019f5d0.asm
0x0019fdac	0x0019fdb8	12	analysis/functions/libkernel_client_init_0019f5d0.asm
0x001a0694	0x001a06a0	12	analysis/functions/math_frontier_0019fddc.asm
0x001a06a8	0x001a06b0	8	analysis/functions/math_frontier_0019fddc.asm
0x001a06b8	0x001a06c0	8	analysis/functions/math_frontier_0019fddc.asm
0x001a06d4	0x001a06dc	8	analysis/functions/math_frontier_0019fddc.asm
0x001a0700	0x001a0708	8	analysis/functions/math_frontier_0019fddc.asm
0x001a0970	0x001a0984	20	analysis/functions/libmc_frontier_001a0740.asm
0x001a098c	0x001a0998	12	analysis/functions/libmc_frontier_001a0740.asm
0x001a19f8	0x001a1a04	12	analysis/functions/libmc_frontier_001a0740.asm
0x001a1c90	0x001a1c98	8	analysis/functions/libgcc_frontier_001a1b00.asm
0x001a3464	0x001a3470	12	analysis/functions/libgcc_frontier_001a1b00.asm
0x001a3498	0x001a34a0	8	analysis/functions/libgcc_frontier_001a1b00.asm
0x001a3bc4	0x001a3bd0	12	analysis/functions/libgcc_frontier_001a1b00.asm
0x001a3e28	0x001a3e30	8	analysis/functions/libgcc_frontier_001a1b00.asm
0x001a84d4	0x001a84e8	20	analysis/functions/libpad_001a8420.asm
0x001a84f0	0x001a84fc	12	analysis/functions/libpad_001a8420.asm
0x001a8534	0x001a8548	20	analysis/functions/libpad_001a8420.asm
0x001a8550	0x001a855c	12	analysis/functions/libpad_001a8420.asm
0x001a9c18	0x001a9c20	8	analysis/functions/cpp_eh_personality_001a90f8.asm
0x001a9c80	0x001a9c88	8	analysis/functions/cpp_eh_personality_001a90f8.asm
