address	name	object_sha256	object	provenance	source
0x0010a18c	snes_p13_color_blend_0010a18c	b21e90181435da320e0d9de43d3e0a6e36c085bd224ba71ea028ae131319ae32	build/matching/hunt400v9/objects/snes9x-1.42/838bba34c8e1c940411d.o	snes9x-1.42-official-lysator-source	https://www.lysator.liu.se/snes9x/1.42/snes9x-1.42-src.tar.gz; sha256=136c7c9bf826bf9dba91073aae14e4b315ab78e67eee189322dec2637e949ffb; 2xsai.cpp; profile=unzip-os-short; memory.h=compat-string.h
0x0010a840	apu_buffer_allocator	bb584c4408e6bcd43f0a9defaf1cfc1a52eaa5354aa9f15e4213e44135c156eb	build/matching/hunt400v9/objects/snes9x-1.42/f0c2e67b2a7426c19157.o	snes9x-1.42-official-lysator-source	https://www.lysator.liu.se/snes9x/1.42/snes9x-1.42-src.tar.gz; sha256=136c7c9bf826bf9dba91073aae14e4b315ab78e67eee189322dec2637e949ffb; apu.cpp; profile=unzip-os-short; memory.h=compat-string.h
0x0010b72c	snes_p13_apu_io_write_0010b72c	bb584c4408e6bcd43f0a9defaf1cfc1a52eaa5354aa9f15e4213e44135c156eb	build/matching/hunt400v9/objects/snes9x-1.42/f0c2e67b2a7426c19157.o	snes9x-1.42-official-lysator-source	https://www.lysator.liu.se/snes9x/1.42/snes9x-1.42-src.tar.gz; sha256=136c7c9bf826bf9dba91073aae14e4b315ab78e67eee189322dec2637e949ffb; apu.cpp; profile=unzip-os-short; memory.h=compat-string.h
0x0012b9a4	snes_p13_record_ram_init_0012b9a4	038dfb7b5dc57d59496308b49ace4566be6c8822e8de23e7995ad798f4cea4cd	build/matching/hunt400v9/objects/snes9x-1.42/48ef2e12b6c8994057fa.o	snes9x-1.42-official-lysator-source	https://www.lysator.liu.se/snes9x/1.42/snes9x-1.42-src.tar.gz; sha256=136c7c9bf826bf9dba91073aae14e4b315ab78e67eee189322dec2637e949ffb; dma.cpp; profile=unzip-os-short; memory.h=compat-string.h
0x0012d79c	snes_p12_0012d79c	385a550cf3a8fc8f8cb88846360e32e3c38d1ca5094e6166ba940fa67b86b3f1	build/matching/hunt400v9/objects/snes9x-1.42/9c8ecf7dea6dbc29ae4f.o	snes9x-1.42-official-lysator-source	https://www.lysator.liu.se/snes9x/1.42/snes9x-1.42-src.tar.gz; sha256=136c7c9bf826bf9dba91073aae14e4b315ab78e67eee189322dec2637e949ffb; dsp1.cpp; profile=unzip-os-short; memory.h=compat-string.h
0x0012d85c	snes_p12_0012d85c	385a550cf3a8fc8f8cb88846360e32e3c38d1ca5094e6166ba940fa67b86b3f1	build/matching/hunt400v9/objects/snes9x-1.42/9c8ecf7dea6dbc29ae4f.o	snes9x-1.42-official-lysator-source	https://www.lysator.liu.se/snes9x/1.42/snes9x-1.42-src.tar.gz; sha256=136c7c9bf826bf9dba91073aae14e4b315ab78e67eee189322dec2637e949ffb; dsp1.cpp; profile=unzip-os-short; memory.h=compat-string.h
0x0012d91c	snes_p12_0012d91c	385a550cf3a8fc8f8cb88846360e32e3c38d1ca5094e6166ba940fa67b86b3f1	build/matching/hunt400v9/objects/snes9x-1.42/9c8ecf7dea6dbc29ae4f.o	snes9x-1.42-official-lysator-source	https://www.lysator.liu.se/snes9x/1.42/snes9x-1.42-src.tar.gz; sha256=136c7c9bf826bf9dba91073aae14e4b315ab78e67eee189322dec2637e949ffb; dsp1.cpp; profile=unzip-os-short; memory.h=compat-string.h
0x0012d9dc	snes_p12_0012d9dc	385a550cf3a8fc8f8cb88846360e32e3c38d1ca5094e6166ba940fa67b86b3f1	build/matching/hunt400v9/objects/snes9x-1.42/9c8ecf7dea6dbc29ae4f.o	snes9x-1.42-official-lysator-source	https://www.lysator.liu.se/snes9x/1.42/snes9x-1.42-src.tar.gz; sha256=136c7c9bf826bf9dba91073aae14e4b315ab78e67eee189322dec2637e949ffb; dsp1.cpp; profile=unzip-os-short; memory.h=compat-string.h
0x0012da9c	snes_p12_0012da9c	385a550cf3a8fc8f8cb88846360e32e3c38d1ca5094e6166ba940fa67b86b3f1	build/matching/hunt400v9/objects/snes9x-1.42/9c8ecf7dea6dbc29ae4f.o	snes9x-1.42-official-lysator-source	https://www.lysator.liu.se/snes9x/1.42/snes9x-1.42-src.tar.gz; sha256=136c7c9bf826bf9dba91073aae14e4b315ab78e67eee189322dec2637e949ffb; dsp1.cpp; profile=unzip-os-short; memory.h=compat-string.h
0x0012db5c	snes_p12_0012db5c	385a550cf3a8fc8f8cb88846360e32e3c38d1ca5094e6166ba940fa67b86b3f1	build/matching/hunt400v9/objects/snes9x-1.42/9c8ecf7dea6dbc29ae4f.o	snes9x-1.42-official-lysator-source	https://www.lysator.liu.se/snes9x/1.42/snes9x-1.42-src.tar.gz; sha256=136c7c9bf826bf9dba91073aae14e4b315ab78e67eee189322dec2637e949ffb; dsp1.cpp; profile=unzip-os-short; memory.h=compat-string.h
0x0012e2e0	snes_p11_0012e2e0	385a550cf3a8fc8f8cb88846360e32e3c38d1ca5094e6166ba940fa67b86b3f1	build/matching/hunt400v9/objects/snes9x-1.42/9c8ecf7dea6dbc29ae4f.o	snes9x-1.42-official-lysator-source	https://www.lysator.liu.se/snes9x/1.42/snes9x-1.42-src.tar.gz; sha256=136c7c9bf826bf9dba91073aae14e4b315ab78e67eee189322dec2637e949ffb; dsp1.cpp; profile=unzip-os-short; memory.h=compat-string.h
0x0012e374	snes_p13_bitplane_transpose_0012e374	385a550cf3a8fc8f8cb88846360e32e3c38d1ca5094e6166ba940fa67b86b3f1	build/matching/hunt400v9/objects/snes9x-1.42/9c8ecf7dea6dbc29ae4f.o	snes9x-1.42-official-lysator-source	https://www.lysator.liu.se/snes9x/1.42/snes9x-1.42-src.tar.gz; sha256=136c7c9bf826bf9dba91073aae14e4b315ab78e67eee189322dec2637e949ffb; dsp1.cpp; profile=unzip-os-short; memory.h=compat-string.h
0x00151360	snes_p11_00151360	93ddd3cb6d3f2f16de97ad63cb5537cd4af5d7d62a8616459cdd08cf3e7d3b99	build/matching/hunt400v9/objects/snes9x-1.42/de50deaf343dbcb40765.o	snes9x-1.42-official-lysator-source	https://www.lysator.liu.se/snes9x/1.42/snes9x-1.42-src.tar.gz; sha256=136c7c9bf826bf9dba91073aae14e4b315ab78e67eee189322dec2637e949ffb; memmap.cpp; profile=unzip-os-short; memory.h=compat-string.h
0x0016f9b0	snes_p11_0016f9b0	2b79ae12fb836d1f3b581320497e04c5560934c6fb963bed8671bdc6ef97471f	build/matching/hunt400v9/objects/snes9x-1.42/9c472bc2b46615c16327.o	snes9x-1.42-official-lysator-source	https://www.lysator.liu.se/snes9x/1.42/snes9x-1.42-src.tar.gz; sha256=136c7c9bf826bf9dba91073aae14e4b315ab78e67eee189322dec2637e949ffb; sdd1.cpp; profile=unzip-os-short; memory.h=compat-string.h
0x0016fa18	snes_p11_0016fa18	2b79ae12fb836d1f3b581320497e04c5560934c6fb963bed8671bdc6ef97471f	build/matching/hunt400v9/objects/snes9x-1.42/9c472bc2b46615c16327.o	snes9x-1.42-official-lysator-source	https://www.lysator.liu.se/snes9x/1.42/snes9x-1.42-src.tar.gz; sha256=136c7c9bf826bf9dba91073aae14e4b315ab78e67eee189322dec2637e949ffb; sdd1.cpp; profile=unzip-os-short; memory.h=compat-string.h
0x00173e6c	snes_p13_config_slot_00173e6c	0a025836c8732c6aadfaeae5bc79835717ca8510d268415e5edfcc95fe138068	build/matching/hunt400v9/objects/snes9x-1.42/1771d28d47a5adcc4481.o	snes9x-1.42-official-lysator-source	https://www.lysator.liu.se/snes9x/1.42/snes9x-1.42-src.tar.gz; sha256=136c7c9bf826bf9dba91073aae14e4b315ab78e67eee189322dec2637e949ffb; soundux.cpp; profile=unzip-os-short; memory.h=compat-string.h
0x00173f24	snes_p12_00173f24	0a025836c8732c6aadfaeae5bc79835717ca8510d268415e5edfcc95fe138068	build/matching/hunt400v9/objects/snes9x-1.42/1771d28d47a5adcc4481.o	snes9x-1.42-official-lysator-source	https://www.lysator.liu.se/snes9x/1.42/snes9x-1.42-src.tar.gz; sha256=136c7c9bf826bf9dba91073aae14e4b315ab78e67eee189322dec2637e949ffb; soundux.cpp; profile=unzip-os-short; memory.h=compat-string.h
0x00173f50	snes_p12_00173f50	0a025836c8732c6aadfaeae5bc79835717ca8510d268415e5edfcc95fe138068	build/matching/hunt400v9/objects/snes9x-1.42/1771d28d47a5adcc4481.o	snes9x-1.42-official-lysator-source	https://www.lysator.liu.se/snes9x/1.42/snes9x-1.42-src.tar.gz; sha256=136c7c9bf826bf9dba91073aae14e4b315ab78e67eee189322dec2637e949ffb; soundux.cpp; profile=unzip-os-short; memory.h=compat-string.h
0x00173ff0	snes_p11_00173ff0	0a025836c8732c6aadfaeae5bc79835717ca8510d268415e5edfcc95fe138068	build/matching/hunt400v9/objects/snes9x-1.42/1771d28d47a5adcc4481.o	snes9x-1.42-official-lysator-source	https://www.lysator.liu.se/snes9x/1.42/snes9x-1.42-src.tar.gz; sha256=136c7c9bf826bf9dba91073aae14e4b315ab78e67eee189322dec2637e949ffb; soundux.cpp; profile=unzip-os-short; memory.h=compat-string.h
0x0017409c	snes_p11_0017409c	0a025836c8732c6aadfaeae5bc79835717ca8510d268415e5edfcc95fe138068	build/matching/hunt400v9/objects/snes9x-1.42/1771d28d47a5adcc4481.o	snes9x-1.42-official-lysator-source	https://www.lysator.liu.se/snes9x/1.42/snes9x-1.42-src.tar.gz; sha256=136c7c9bf826bf9dba91073aae14e4b315ab78e67eee189322dec2637e949ffb; soundux.cpp; profile=unzip-os-short; memory.h=compat-string.h
0x0017422c	snes_p12_0017422c	0a025836c8732c6aadfaeae5bc79835717ca8510d268415e5edfcc95fe138068	build/matching/hunt400v9/objects/snes9x-1.42/1771d28d47a5adcc4481.o	snes9x-1.42-official-lysator-source	https://www.lysator.liu.se/snes9x/1.42/snes9x-1.42-src.tar.gz; sha256=136c7c9bf826bf9dba91073aae14e4b315ab78e67eee189322dec2637e949ffb; soundux.cpp; profile=unzip-os-short; memory.h=compat-string.h
0x001742b4	snes_p11_001742b4	0a025836c8732c6aadfaeae5bc79835717ca8510d268415e5edfcc95fe138068	build/matching/hunt400v9/objects/snes9x-1.42/1771d28d47a5adcc4481.o	snes9x-1.42-official-lysator-source	https://www.lysator.liu.se/snes9x/1.42/snes9x-1.42-src.tar.gz; sha256=136c7c9bf826bf9dba91073aae14e4b315ab78e67eee189322dec2637e949ffb; soundux.cpp; profile=unzip-os-short; memory.h=compat-string.h
0x001742f8	snes_p12_001742f8	0a025836c8732c6aadfaeae5bc79835717ca8510d268415e5edfcc95fe138068	build/matching/hunt400v9/objects/snes9x-1.42/1771d28d47a5adcc4481.o	snes9x-1.42-official-lysator-source	https://www.lysator.liu.se/snes9x/1.42/snes9x-1.42-src.tar.gz; sha256=136c7c9bf826bf9dba91073aae14e4b315ab78e67eee189322dec2637e949ffb; soundux.cpp; profile=unzip-os-short; memory.h=compat-string.h
0x001744d0	snes_p11_001744d0	0a025836c8732c6aadfaeae5bc79835717ca8510d268415e5edfcc95fe138068	build/matching/hunt400v9/objects/snes9x-1.42/1771d28d47a5adcc4481.o	snes9x-1.42-official-lysator-source	https://www.lysator.liu.se/snes9x/1.42/snes9x-1.42-src.tar.gz; sha256=136c7c9bf826bf9dba91073aae14e4b315ab78e67eee189322dec2637e949ffb; soundux.cpp; profile=unzip-os-short; memory.h=compat-string.h
0x00174618	snes_p12_00174618	0a025836c8732c6aadfaeae5bc79835717ca8510d268415e5edfcc95fe138068	build/matching/hunt400v9/objects/snes9x-1.42/1771d28d47a5adcc4481.o	snes9x-1.42-official-lysator-source	https://www.lysator.liu.se/snes9x/1.42/snes9x-1.42-src.tar.gz; sha256=136c7c9bf826bf9dba91073aae14e4b315ab78e67eee189322dec2637e949ffb; soundux.cpp; profile=unzip-os-short; memory.h=compat-string.h
0x001746a4	snes_p12_001746a4	0a025836c8732c6aadfaeae5bc79835717ca8510d268415e5edfcc95fe138068	build/matching/hunt400v9/objects/snes9x-1.42/1771d28d47a5adcc4481.o	snes9x-1.42-official-lysator-source	https://www.lysator.liu.se/snes9x/1.42/snes9x-1.42-src.tar.gz; sha256=136c7c9bf826bf9dba91073aae14e4b315ab78e67eee189322dec2637e949ffb; soundux.cpp; profile=unzip-os-short; memory.h=compat-string.h
0x00174830	snes_p12_00174830	0a025836c8732c6aadfaeae5bc79835717ca8510d268415e5edfcc95fe138068	build/matching/hunt400v9/objects/snes9x-1.42/1771d28d47a5adcc4481.o	snes9x-1.42-official-lysator-source	https://www.lysator.liu.se/snes9x/1.42/snes9x-1.42-src.tar.gz; sha256=136c7c9bf826bf9dba91073aae14e4b315ab78e67eee189322dec2637e949ffb; soundux.cpp; profile=unzip-os-short; memory.h=compat-string.h
0x00183e04	ConvertTile	b003026716145745fe0a8332d35cf60bb6de086b7818e079d24f3af273bf7e85	build/matching/hunt400v9/objects/snes9x-1.42/f296238d5f9ecd8d778f.o	snes9x-1.42-official-lysator-source	https://www.lysator.liu.se/snes9x/1.42/snes9x-1.42-src.tar.gz; sha256=136c7c9bf826bf9dba91073aae14e4b315ab78e67eee189322dec2637e949ffb; tile.cpp; profile=unzip-os-short; memory.h=compat-string.h
0x0018428c	DrawTile	b003026716145745fe0a8332d35cf60bb6de086b7818e079d24f3af273bf7e85	build/matching/hunt400v9/objects/snes9x-1.42/f296238d5f9ecd8d778f.o	snes9x-1.42-official-lysator-source	https://www.lysator.liu.se/snes9x/1.42/snes9x-1.42-src.tar.gz; sha256=136c7c9bf826bf9dba91073aae14e4b315ab78e67eee189322dec2637e949ffb; tile.cpp; profile=unzip-os-short; memory.h=compat-string.h
0x001859a8	DrawLargePixel	b003026716145745fe0a8332d35cf60bb6de086b7818e079d24f3af273bf7e85	build/matching/hunt400v9/objects/snes9x-1.42/f296238d5f9ecd8d778f.o	snes9x-1.42-official-lysator-source	https://www.lysator.liu.se/snes9x/1.42/snes9x-1.42-src.tar.gz; sha256=136c7c9bf826bf9dba91073aae14e4b315ab78e67eee189322dec2637e949ffb; tile.cpp; profile=unzip-os-short; memory.h=compat-string.h
0x00185d8c	DrawTile16	b003026716145745fe0a8332d35cf60bb6de086b7818e079d24f3af273bf7e85	build/matching/hunt400v9/objects/snes9x-1.42/f296238d5f9ecd8d778f.o	snes9x-1.42-official-lysator-source	https://www.lysator.liu.se/snes9x/1.42/snes9x-1.42-src.tar.gz; sha256=136c7c9bf826bf9dba91073aae14e4b315ab78e67eee189322dec2637e949ffb; tile.cpp; profile=unzip-os-short; memory.h=compat-string.h
0x001860a8	DrawClippedTile16	b003026716145745fe0a8332d35cf60bb6de086b7818e079d24f3af273bf7e85	build/matching/hunt400v9/objects/snes9x-1.42/f296238d5f9ecd8d778f.o	snes9x-1.42-official-lysator-source	https://www.lysator.liu.se/snes9x/1.42/snes9x-1.42-src.tar.gz; sha256=136c7c9bf826bf9dba91073aae14e4b315ab78e67eee189322dec2637e949ffb; tile.cpp; profile=unzip-os-short; memory.h=compat-string.h
0x00186540	DrawTile16x2	b003026716145745fe0a8332d35cf60bb6de086b7818e079d24f3af273bf7e85	build/matching/hunt400v9/objects/snes9x-1.42/f296238d5f9ecd8d778f.o	snes9x-1.42-official-lysator-source	https://www.lysator.liu.se/snes9x/1.42/snes9x-1.42-src.tar.gz; sha256=136c7c9bf826bf9dba91073aae14e4b315ab78e67eee189322dec2637e949ffb; tile.cpp; profile=unzip-os-short; memory.h=compat-string.h
0x0018685c	DrawClippedTile16x2	b003026716145745fe0a8332d35cf60bb6de086b7818e079d24f3af273bf7e85	build/matching/hunt400v9/objects/snes9x-1.42/f296238d5f9ecd8d778f.o	snes9x-1.42-official-lysator-source	https://www.lysator.liu.se/snes9x/1.42/snes9x-1.42-src.tar.gz; sha256=136c7c9bf826bf9dba91073aae14e4b315ab78e67eee189322dec2637e949ffb; tile.cpp; profile=unzip-os-short; memory.h=compat-string.h
0x00186cf4	DrawTile16x2x2	b003026716145745fe0a8332d35cf60bb6de086b7818e079d24f3af273bf7e85	build/matching/hunt400v9/objects/snes9x-1.42/f296238d5f9ecd8d778f.o	snes9x-1.42-official-lysator-source	https://www.lysator.liu.se/snes9x/1.42/snes9x-1.42-src.tar.gz; sha256=136c7c9bf826bf9dba91073aae14e4b315ab78e67eee189322dec2637e949ffb; tile.cpp; profile=unzip-os-short; memory.h=compat-string.h
0x00187010	DrawClippedTile16x2x2	b003026716145745fe0a8332d35cf60bb6de086b7818e079d24f3af273bf7e85	build/matching/hunt400v9/objects/snes9x-1.42/f296238d5f9ecd8d778f.o	snes9x-1.42-official-lysator-source	https://www.lysator.liu.se/snes9x/1.42/snes9x-1.42-src.tar.gz; sha256=136c7c9bf826bf9dba91073aae14e4b315ab78e67eee189322dec2637e949ffb; tile.cpp; profile=unzip-os-short; memory.h=compat-string.h
0x001874a8	DrawLargePixel16	b003026716145745fe0a8332d35cf60bb6de086b7818e079d24f3af273bf7e85	build/matching/hunt400v9/objects/snes9x-1.42/f296238d5f9ecd8d778f.o	snes9x-1.42-official-lysator-source	https://www.lysator.liu.se/snes9x/1.42/snes9x-1.42-src.tar.gz; sha256=136c7c9bf826bf9dba91073aae14e4b315ab78e67eee189322dec2637e949ffb; tile.cpp; profile=unzip-os-short; memory.h=compat-string.h
0x0018789c	DrawTile16Add	b003026716145745fe0a8332d35cf60bb6de086b7818e079d24f3af273bf7e85	build/matching/hunt400v9/objects/snes9x-1.42/f296238d5f9ecd8d778f.o	snes9x-1.42-official-lysator-source	https://www.lysator.liu.se/snes9x/1.42/snes9x-1.42-src.tar.gz; sha256=136c7c9bf826bf9dba91073aae14e4b315ab78e67eee189322dec2637e949ffb; tile.cpp; profile=unzip-os-short; memory.h=compat-string.h
0x00187bb8	DrawClippedTile16Add	b003026716145745fe0a8332d35cf60bb6de086b7818e079d24f3af273bf7e85	build/matching/hunt400v9/objects/snes9x-1.42/f296238d5f9ecd8d778f.o	snes9x-1.42-official-lysator-source	https://www.lysator.liu.se/snes9x/1.42/snes9x-1.42-src.tar.gz; sha256=136c7c9bf826bf9dba91073aae14e4b315ab78e67eee189322dec2637e949ffb; tile.cpp; profile=unzip-os-short; memory.h=compat-string.h
0x00188050	DrawTile16Add1_2	b003026716145745fe0a8332d35cf60bb6de086b7818e079d24f3af273bf7e85	build/matching/hunt400v9/objects/snes9x-1.42/f296238d5f9ecd8d778f.o	snes9x-1.42-official-lysator-source	https://www.lysator.liu.se/snes9x/1.42/snes9x-1.42-src.tar.gz; sha256=136c7c9bf826bf9dba91073aae14e4b315ab78e67eee189322dec2637e949ffb; tile.cpp; profile=unzip-os-short; memory.h=compat-string.h
0x0018836c	DrawClippedTile16Add1_2	b003026716145745fe0a8332d35cf60bb6de086b7818e079d24f3af273bf7e85	build/matching/hunt400v9/objects/snes9x-1.42/f296238d5f9ecd8d778f.o	snes9x-1.42-official-lysator-source	https://www.lysator.liu.se/snes9x/1.42/snes9x-1.42-src.tar.gz; sha256=136c7c9bf826bf9dba91073aae14e4b315ab78e67eee189322dec2637e949ffb; tile.cpp; profile=unzip-os-short; memory.h=compat-string.h
0x00188804	DrawTile16Sub	b003026716145745fe0a8332d35cf60bb6de086b7818e079d24f3af273bf7e85	build/matching/hunt400v9/objects/snes9x-1.42/f296238d5f9ecd8d778f.o	snes9x-1.42-official-lysator-source	https://www.lysator.liu.se/snes9x/1.42/snes9x-1.42-src.tar.gz; sha256=136c7c9bf826bf9dba91073aae14e4b315ab78e67eee189322dec2637e949ffb; tile.cpp; profile=unzip-os-short; memory.h=compat-string.h
0x00188b20	DrawClippedTile16Sub	b003026716145745fe0a8332d35cf60bb6de086b7818e079d24f3af273bf7e85	build/matching/hunt400v9/objects/snes9x-1.42/f296238d5f9ecd8d778f.o	snes9x-1.42-official-lysator-source	https://www.lysator.liu.se/snes9x/1.42/snes9x-1.42-src.tar.gz; sha256=136c7c9bf826bf9dba91073aae14e4b315ab78e67eee189322dec2637e949ffb; tile.cpp; profile=unzip-os-short; memory.h=compat-string.h
0x00188fb8	DrawTile16Sub1_2	b003026716145745fe0a8332d35cf60bb6de086b7818e079d24f3af273bf7e85	build/matching/hunt400v9/objects/snes9x-1.42/f296238d5f9ecd8d778f.o	snes9x-1.42-official-lysator-source	https://www.lysator.liu.se/snes9x/1.42/snes9x-1.42-src.tar.gz; sha256=136c7c9bf826bf9dba91073aae14e4b315ab78e67eee189322dec2637e949ffb; tile.cpp; profile=unzip-os-short; memory.h=compat-string.h
0x001892d4	DrawClippedTile16Sub1_2	b003026716145745fe0a8332d35cf60bb6de086b7818e079d24f3af273bf7e85	build/matching/hunt400v9/objects/snes9x-1.42/f296238d5f9ecd8d778f.o	snes9x-1.42-official-lysator-source	https://www.lysator.liu.se/snes9x/1.42/snes9x-1.42-src.tar.gz; sha256=136c7c9bf826bf9dba91073aae14e4b315ab78e67eee189322dec2637e949ffb; tile.cpp; profile=unzip-os-short; memory.h=compat-string.h
0x0018976c	DrawTile16FixedAdd1_2	b003026716145745fe0a8332d35cf60bb6de086b7818e079d24f3af273bf7e85	build/matching/hunt400v9/objects/snes9x-1.42/f296238d5f9ecd8d778f.o	snes9x-1.42-official-lysator-source	https://www.lysator.liu.se/snes9x/1.42/snes9x-1.42-src.tar.gz; sha256=136c7c9bf826bf9dba91073aae14e4b315ab78e67eee189322dec2637e949ffb; tile.cpp; profile=unzip-os-short; memory.h=compat-string.h
0x00189a88	DrawClippedTile16FixedAdd1_2	b003026716145745fe0a8332d35cf60bb6de086b7818e079d24f3af273bf7e85	build/matching/hunt400v9/objects/snes9x-1.42/f296238d5f9ecd8d778f.o	snes9x-1.42-official-lysator-source	https://www.lysator.liu.se/snes9x/1.42/snes9x-1.42-src.tar.gz; sha256=136c7c9bf826bf9dba91073aae14e4b315ab78e67eee189322dec2637e949ffb; tile.cpp; profile=unzip-os-short; memory.h=compat-string.h
0x00189f20	DrawTile16FixedSub1_2	b003026716145745fe0a8332d35cf60bb6de086b7818e079d24f3af273bf7e85	build/matching/hunt400v9/objects/snes9x-1.42/f296238d5f9ecd8d778f.o	snes9x-1.42-official-lysator-source	https://www.lysator.liu.se/snes9x/1.42/snes9x-1.42-src.tar.gz; sha256=136c7c9bf826bf9dba91073aae14e4b315ab78e67eee189322dec2637e949ffb; tile.cpp; profile=unzip-os-short; memory.h=compat-string.h
0x0018a23c	DrawClippedTile16FixedSub1_2	b003026716145745fe0a8332d35cf60bb6de086b7818e079d24f3af273bf7e85	build/matching/hunt400v9/objects/snes9x-1.42/f296238d5f9ecd8d778f.o	snes9x-1.42-official-lysator-source	https://www.lysator.liu.se/snes9x/1.42/snes9x-1.42-src.tar.gz; sha256=136c7c9bf826bf9dba91073aae14e4b315ab78e67eee189322dec2637e949ffb; tile.cpp; profile=unzip-os-short; memory.h=compat-string.h
0x0019c5cc	snes_dispatch_0019c5cc	5c97dad2a3317fd2c5ae0bd9bf6d9469186c9332f6473bcff6ef8d34c3774b99	build/matching/hunt400v9/objects/snes9x-1.42/c1ddbae027bc9aae5f9b.o	snes9x-1.42-official-lysator-source	https://www.lysator.liu.se/snes9x/1.42/snes9x-1.42-src.tar.gz; sha256=136c7c9bf826bf9dba91073aae14e4b315ab78e67eee189322dec2637e949ffb; snapshot.cpp; profile=unzip-os-short; memory.h=compat-string.h
0x001ac734	GetBasePointer	038dfb7b5dc57d59496308b49ace4566be6c8822e8de23e7995ad798f4cea4cd	build/matching/hunt400v9/objects/snes9x-1.42/48ef2e12b6c8994057fa.o	snes9x-1.42-official-lysator-source	https://www.lysator.liu.se/snes9x/1.42/snes9x-1.42-src.tar.gz; sha256=136c7c9bf826bf9dba91073aae14e4b315ab78e67eee189322dec2637e949ffb; dma.cpp; profile=unzip-os-short; memory.h=compat-string.h
0x001aca50	S9xAPUSetByte	21498dd5b4ed5dff9c7126e3e85608833bccf9727dd703ab516eb36c6aaf70fd	build/matching/hunt400v9/objects/snes9x-1.42/359a3b1f5b3239784088.o	snes9x-1.42-official-lysator-source	https://www.lysator.liu.se/snes9x/1.42/snes9x-1.42-src.tar.gz; sha256=136c7c9bf826bf9dba91073aae14e4b315ab78e67eee189322dec2637e949ffb; spc700.cpp; profile=unzip-os-short; memory.h=compat-string.h
0x001acbf0	S9xAPUSetByteZ	21498dd5b4ed5dff9c7126e3e85608833bccf9727dd703ab516eb36c6aaf70fd	build/matching/hunt400v9/objects/snes9x-1.42/359a3b1f5b3239784088.o	snes9x-1.42-official-lysator-source	https://www.lysator.liu.se/snes9x/1.42/snes9x-1.42-src.tar.gz; sha256=136c7c9bf826bf9dba91073aae14e4b315ab78e67eee189322dec2637e949ffb; spc700.cpp; profile=unzip-os-short; memory.h=compat-string.h
0x001acd04	WRITE_4PIXELS	b003026716145745fe0a8332d35cf60bb6de086b7818e079d24f3af273bf7e85	build/matching/hunt400v9/objects/snes9x-1.42/f296238d5f9ecd8d778f.o	snes9x-1.42-official-lysator-source	https://www.lysator.liu.se/snes9x/1.42/snes9x-1.42-src.tar.gz; sha256=136c7c9bf826bf9dba91073aae14e4b315ab78e67eee189322dec2637e949ffb; tile.cpp; profile=unzip-os-short; memory.h=compat-string.h
0x001ace28	WRITE_4PIXELS_FLIPPED	b003026716145745fe0a8332d35cf60bb6de086b7818e079d24f3af273bf7e85	build/matching/hunt400v9/objects/snes9x-1.42/f296238d5f9ecd8d778f.o	snes9x-1.42-official-lysator-source	https://www.lysator.liu.se/snes9x/1.42/snes9x-1.42-src.tar.gz; sha256=136c7c9bf826bf9dba91073aae14e4b315ab78e67eee189322dec2637e949ffb; tile.cpp; profile=unzip-os-short; memory.h=compat-string.h
0x001acf4c	WRITE_4PIXELSx2	b003026716145745fe0a8332d35cf60bb6de086b7818e079d24f3af273bf7e85	build/matching/hunt400v9/objects/snes9x-1.42/f296238d5f9ecd8d778f.o	snes9x-1.42-official-lysator-source	https://www.lysator.liu.se/snes9x/1.42/snes9x-1.42-src.tar.gz; sha256=136c7c9bf826bf9dba91073aae14e4b315ab78e67eee189322dec2637e949ffb; tile.cpp; profile=unzip-os-short; memory.h=compat-string.h
0x001ad1d4	WRITE_4PIXELSx2x2	b003026716145745fe0a8332d35cf60bb6de086b7818e079d24f3af273bf7e85	build/matching/hunt400v9/objects/snes9x-1.42/f296238d5f9ecd8d778f.o	snes9x-1.42-official-lysator-source	https://www.lysator.liu.se/snes9x/1.42/snes9x-1.42-src.tar.gz; sha256=136c7c9bf826bf9dba91073aae14e4b315ab78e67eee189322dec2637e949ffb; tile.cpp; profile=unzip-os-short; memory.h=compat-string.h
0x001ad398	WRITE_4PIXELS_FLIPPEDx2x2	b003026716145745fe0a8332d35cf60bb6de086b7818e079d24f3af273bf7e85	build/matching/hunt400v9/objects/snes9x-1.42/f296238d5f9ecd8d778f.o	snes9x-1.42-official-lysator-source	https://www.lysator.liu.se/snes9x/1.42/snes9x-1.42-src.tar.gz; sha256=136c7c9bf826bf9dba91073aae14e4b315ab78e67eee189322dec2637e949ffb; tile.cpp; profile=unzip-os-short; memory.h=compat-string.h
0x001ad55c	WRITE_4PIXELS16	b003026716145745fe0a8332d35cf60bb6de086b7818e079d24f3af273bf7e85	build/matching/hunt400v9/objects/snes9x-1.42/f296238d5f9ecd8d778f.o	snes9x-1.42-official-lysator-source	https://www.lysator.liu.se/snes9x/1.42/snes9x-1.42-src.tar.gz; sha256=136c7c9bf826bf9dba91073aae14e4b315ab78e67eee189322dec2637e949ffb; tile.cpp; profile=unzip-os-short; memory.h=compat-string.h
0x001ad684	WRITE_4PIXELS16_FLIPPED	b003026716145745fe0a8332d35cf60bb6de086b7818e079d24f3af273bf7e85	build/matching/hunt400v9/objects/snes9x-1.42/f296238d5f9ecd8d778f.o	snes9x-1.42-official-lysator-source	https://www.lysator.liu.se/snes9x/1.42/snes9x-1.42-src.tar.gz; sha256=136c7c9bf826bf9dba91073aae14e4b315ab78e67eee189322dec2637e949ffb; tile.cpp; profile=unzip-os-short; memory.h=compat-string.h
0x001ad7ac	WRITE_4PIXELS16x2	b003026716145745fe0a8332d35cf60bb6de086b7818e079d24f3af273bf7e85	build/matching/hunt400v9/objects/snes9x-1.42/f296238d5f9ecd8d778f.o	snes9x-1.42-official-lysator-source	https://www.lysator.liu.se/snes9x/1.42/snes9x-1.42-src.tar.gz; sha256=136c7c9bf826bf9dba91073aae14e4b315ab78e67eee189322dec2637e949ffb; tile.cpp; profile=unzip-os-short; memory.h=compat-string.h
0x001ad8f4	WRITE_4PIXELS16_FLIPPEDx2	b003026716145745fe0a8332d35cf60bb6de086b7818e079d24f3af273bf7e85	build/matching/hunt400v9/objects/snes9x-1.42/f296238d5f9ecd8d778f.o	snes9x-1.42-official-lysator-source	https://www.lysator.liu.se/snes9x/1.42/snes9x-1.42-src.tar.gz; sha256=136c7c9bf826bf9dba91073aae14e4b315ab78e67eee189322dec2637e949ffb; tile.cpp; profile=unzip-os-short; memory.h=compat-string.h
0x001ada3c	WRITE_4PIXELS16x2x2	b003026716145745fe0a8332d35cf60bb6de086b7818e079d24f3af273bf7e85	build/matching/hunt400v9/objects/snes9x-1.42/f296238d5f9ecd8d778f.o	snes9x-1.42-official-lysator-source	https://www.lysator.liu.se/snes9x/1.42/snes9x-1.42-src.tar.gz; sha256=136c7c9bf826bf9dba91073aae14e4b315ab78e67eee189322dec2637e949ffb; tile.cpp; profile=unzip-os-short; memory.h=compat-string.h
0x001adc34	WRITE_4PIXELS16_FLIPPEDx2x2	b003026716145745fe0a8332d35cf60bb6de086b7818e079d24f3af273bf7e85	build/matching/hunt400v9/objects/snes9x-1.42/f296238d5f9ecd8d778f.o	snes9x-1.42-official-lysator-source	https://www.lysator.liu.se/snes9x/1.42/snes9x-1.42-src.tar.gz; sha256=136c7c9bf826bf9dba91073aae14e4b315ab78e67eee189322dec2637e949ffb; tile.cpp; profile=unzip-os-short; memory.h=compat-string.h
