target,call_count,first_call_site
0x00100000,1,0x0031fb6c
0x00100014,1,0x003112b0
0x001000e0,2,0x0019c5bc
0x00100114,1,0x00105458
0x0010038c,2,0x00105404
0x001003b4,1,0x003121ac
0x001005b0,1,0x00105574
0x001005ec,1,0x001056c8
0x00100808,1,0x00306b1c
0x001008dc,1,0x00101584
0x00100bf8,1,0x003083f8
0x00100e78,1,0x00105544
0x00101028,1,0x0030d724
0x00101038,1,0x0030e994
0x00101814,1,0x00101844
0x00101858,1,0x001054b8
0x00101860,2,0x001005bc
0x00101878,1,0x00143630
0x00101880,1,0x0015ced8
0x00101888,1,0x0015cee4
0x00101890,3,0x0017023c
0x001018e0,5,0x0017026c
0x001018fc,2,0x001002b0
0x00101904,1,0x00116730
0x0010190c,1,0x00143530
0x00101914,4,0x00171120
0x0010191c,1,0x001054ec
0x00101924,5,0x001519e4
0x001019a0,1,0x0010b0e8
0x001019a8,5,0x00101f98
0x00101b04,6,0x00101b88
0x00101b64,7,0x001029cc
0x00101e8c,11,0x0010204c
0x00101ef0,1,0x00105170
0x00102050,1,0x0030df2c
0x001029c4,1,0x001030b8
0x00102ab0,1,0x001051f8
0x00103000,1,0x0031ff7c
0x00103314,1,0x0010311c
0x00103b34,2,0x0010310c
0x00103c7c,2,0x00102b98
0x00103cb0,2,0x00102cf8
0x00103cd4,1,0x00102f24
0x00103d90,1,0x00103274
0x00103dd4,1,0x00103ae0
0x001041c0,1,0x001041f0
0x0010421c,1,0x001060f4
0x00104234,1,0x00106104
0x00104358,2,0x00106118
0x00104418,13,0x0010614c
0x00104998,2,0x00104a04
0x001049f0,5,0x00104b10
0x00104a54,1,0x00105094
0x00104bbc,2,0x0010553c
0x00104e48,2,0x0015cd14
0x00104e50,1,0x0015cb28
0x00104e58,2,0x00105344
0x00104e7c,3,0x00105018
0x00104f18,1,0x001000d8
0x001050a0,1,0x0031a41c
0x001056b0,15,0x0015150c
0x001056b8,1,0x001431c0
0x001056c0,1,0x0014358c
0x00105718,2,0x00180e0c
0x00105750,5,0x00101474
0x001057fc,4,0x00101150
0x00105898,1,0x00116058
0x001059cc,9,0x00101978
0x00105ae8,11,0x00101960
0x00105cb8,1,0x00177d80
0x00105d30,1,0x00143604
0x00105d78,2,0x00105178
0x00105e04,1,0x00105480
0x00105e48,1,0x00152f20
0x00106054,1,0x00105150
0x001060dc,1,0x00105168
0x001064c0,3,0x00100df4
0x00106824,2,0x00105158
0x0010689c,1,0x00105180
0x00106bcc,1,0x00106ebc
0x00106c08,2,0x00106ef0
0x00106ca0,1,0x00103af0
0x00107358,2,0x00106b44
0x00107578,21,0x00150a48
0x0010768c,1,0x001055b4
0x001076e4,1,0x001054b0
0x0010773c,4,0x00100eac
0x001077f8,1,0x00105e1c
0x001078f8,1,0x00105964
0x00107b1c,1,0x00105d90
0x00107b7c,1,0x00105dc4
0x00107c64,1,0x00105ddc
0x00107d44,1,0x00105de4
0x00107db4,1,0x00105dcc
0x00107e14,2,0x00105dec
0x00107f18,1,0x00105e14
0x001080cc,5,0x00106038
0x00108a34,4,0x0015ab58
0x00108a9c,1,0x00104a74
0x00108bfc,1,0x00104aac
0x00108ce4,2,0x00104ab4
0x0010a18c,1,0x0010a624
0x0010a264,1,0x0010a524
0x0010a768,2,0x00109f90
0x0010a7ac,2,0x00109fac
0x0010a7fc,8,0x00109328
0x0010a840,1,0x00105328
0x0010a8bc,2,0x00104e6c
0x0010a934,3,0x001054f4
0x0010ad48,4,0x0017338c
0x0010b370,3,0x0010b2e0
0x0010b564,2,0x001acb1c
0x0010b72c,3,0x001732ec
0x0010b7f8,2,0x001aca40
0x0010b8a4,1,0x0010d070
0x0010bbcc,3,0x0010cc40
0x0010becc,2,0x0010cc98
0x0010c094,1,0x0010ddb4
0x0010c1f8,1,0x0010d9f4
0x0010c300,2,0x00115c50
0x0010c328,3,0x001ab764
0x0010c340,1,0x0010d76c
0x0010c6f8,1,0x0010d784
0x0010cbb0,1,0x0010cf18
0x0010cdcc,2,0x0010d7ac
0x0010cfa4,1,0x0010d794
0x0010d2a8,1,0x0010d7cc
0x0010d4f0,1,0x0010d7bc
0x0010d734,1,0x0010d8d0
0x0010d7dc,3,0x001abae8
0x0010e33c,1,0x00173d3c
0x0010e348,1,0x00173d5c
0x0010e354,1,0x00173d28
0x001140e0,3,0x00115c10
0x00114118,2,0x00173da8
0x00114328,3,0x00114250
0x0011439c,2,0x001142c0
0x0011444c,2,0x00143594
0x001144d0,1,0x00114268
0x00114544,1,0x001519ec
0x00114818,1,0x0015066c
0x001159f4,2,0x00115c80
0x00115a18,2,0x00115bc0
0x00115b58,6,0x00105390
0x00115db0,1,0x00105520
0x00116040,1,0x0042375c
0x00116128,8,0x001162f0
0x00116174,2,0x0015e610
0x001161a8,2,0x00115f2c
0x00117044,1,0x00425f88
0x0011c050,1,0x004236c4
0x0011d044,1,0x0042364c
0x00127b78,1,0x00116074
0x00127e00,1,0x00115e38
0x001291e4,5,0x00127188
0x00129250,15,0x00116774
0x00129420,15,0x001167bc
0x001296c4,15,0x00122ffc
0x0012993c,15,0x00122fb4
0x00129af4,8,0x0015b3c4
0x0012b3e8,1,0x00116410
0x0012b498,1,0x00116334
0x0012b9a4,2,0x00115be4
0x0012ba5c,1,0x0012a9f4
0x0012bd48,1,0x0012aa90
0x0012bf5c,2,0x0012c004
0x0012c02c,1,0x0012e6b0
0x0012c13c,1,0x0012e8ec
0x0012c160,1,0x0012ec7c
0x0012c188,2,0x0012c2c8
0x0012c2a4,1,0x0012eff8
0x0012c2dc,23,0x0012c388
0x0012c398,22,0x0012c478
0x0012c444,1,0x0012ed44
0x0012c4a8,1,0x0012eef0
0x0012c558,1,0x0012f0c8
0x0012cbd8,4,0x0012ceb8
0x0012ce18,2,0x0012f420
0x0012d05c,1,0x0012f334
0x0012d334,1,0x0012f2d8
0x0012d4ac,1,0x0012eadc
0x0012d624,1,0x0012edcc
0x0012d79c,1,0x0012f5fc
0x0012d85c,1,0x0012ec18
0x0012d91c,1,0x0012ef60
0x0012d9dc,1,0x0012f180
0x0012da9c,1,0x0012ea2c
0x0012db5c,1,0x0012ece0
0x0012dc1c,1,0x0012f244
0x0012dde0,1,0x0012f660
0x0012de60,2,0x0012ee8c
0x0012deb0,1,0x0012ebb4
0x0012df50,1,0x0012e960
0x0012dfb0,1,0x0012eb50
0x0012dffc,1,0x0012f3ec
0x0012e04c,1,0x0012ee28
0x0012e0cc,1,0x0012f580
0x0012e2c4,1,0x0012e9b8
0x0012e2d0,1,0x0012efac
0x0012e2e0,1,0x0012fa74
0x0012e374,1,0x0012fa00
0x0012e568,1,0x0012fac4
0x0012e5b8,1,0x0012f9e8
0x0012e688,1,0x0012e6cc
0x0012e6c4,2,0x00115bf4
0x0012e704,3,0x001ab748
0x0012e728,3,0x001aba30
0x0012fe5c,1,0x0015a5c4
0x0012fe9c,1,0x0015a54c
0x0012feb4,1,0x00130114
0x0012febc,2,0x0012fecc
0x0012fec4,1,0x00130ca0
0x0012fef0,3,0x001308ac
0x00130134,2,0x0013010c
0x001305a0,3,0x00130a24
0x001306f8,1,0x00115a04
0x001308f8,2,0x001309d8
0x001309c4,1,0x0015d394
0x00130c78,6,0x0013c1d0
0x0013cbc4,1,0x0031661c
0x0013e014,1,0x003138b4
0x0013e024,1,0x00312d9c
0x0013e3a8,1,0x0030b850
0x0013fc10,1,0x0030eed8
0x00140010,1,0x00317cdc
0x00140040,1,0x0031ff6c
0x0014080c,1,0x00320bfc
0x00140c30,1,0x0031fda0
0x001413fc,1,0x0030ce94
0x00141424,1,0x00320ce8
0x00142020,1,0x00320850
0x0014203c,1,0x003208c8
0x00142a78,1,0x00105460
0x00143030,1,0x0031ff78
0x0014308c,41,0x0014618c
0x0014311c,1,0x00116648
0x00143390,1,0x00116620
0x001434ac,1,0x00116668
0x0014368c,1,0x0015067c
0x001437d8,6,0x0014e268
0x00143e7c,1,0x00145bf8
0x001443ec,1,0x00145bbc
0x00144ad8,1,0x00145be8
0x001452b0,10,0x0014e2b8
0x00145c08,1,0x00150518
0x001461a8,2,0x0014e5c4
0x00146720,1,0x0014e68c
0x00146e6c,1,0x0014e660
0x00147578,1,0x0014e62c
0x00147c68,1,0x0014e600
0x00148338,5,0x00148f50
0x00148394,2,0x0014e5d4
0x001493a8,1,0x0014e69c
0x0014a784,1,0x0014e670
0x0014babc,1,0x0014e63c
0x0014ce24,1,0x0014e610
0x0014e140,3,0x0014f154
0x0014e828,2,0x0014ea48
0x0014eaa4,1,0x00143614
0x0014ec54,36,0x00129bf4
0x0015068c,1,0x001514c0
0x00150b1c,1,0x00151e28
0x00150c90,4,0x00150dc8
0x00150ccc,3,0x00151680
0x00150e18,3,0x00151690
0x00150f54,4,0x00151348
0x00151074,1,0x00105318
0x00151330,4,0x00104e64
0x00151360,3,0x00105e6c
0x001513bc,1,0x00105364
0x001520b8,1,0x00116048
0x001522d8,2,0x001519d8
0x00153354,2,0x00101574
0x001534b8,2,0x00101484
0x001535c0,4,0x0015b34c
0x00153608,18,0x0015376c
0x00153674,8,0x00153d4c
0x00153780,2,0x0015566c
0x001538b0,2,0x00152d88
0x00153da4,1,0x00152d78
0x001541e0,1,0x00153174
0x0015458c,1,0x00152e04
0x00154a24,1,0x00152db4
0x00154c2c,1,0x00152e58
0x00154f9c,1,0x00152e48
0x00155334,1,0x00152710
0x0015568c,1,0x00152ddc
0x00155a44,1,0x00152d24
0x00155ca0,1,0x001531b8
0x00156118,1,0x00152df0
0x00156514,1,0x001531a8
0x00156884,1,0x001822d8
0x001568c4,1,0x00152aa0
0x00156914,1,0x00152a70
0x00156934,1,0x00152aac
0x00156994,1,0x00152a7c
0x00156a04,1,0x00152a88
0x00156c0c,1,0x00152a94
0x00156c60,1,0x00152a04
0x001584d0,1,0x00151528
0x00158974,2,0x001532ec
0x00158a58,1,0x00158a40
0x00158b3c,1,0x00158a84
0x00158b5c,3,0x001ab8a8
0x00158b74,3,0x001abbc8
0x00158fd0,1,0x001ac81c
0x00158fdc,1,0x001ab618
0x00158ff0,2,0x00115c40
0x00159058,3,0x0015afe8
0x001591a8,7,0x00142cac
0x00159268,39,0x0012a204
0x0015a5f0,11,0x00129d5c
0x0015ad6c,6,0x00172a90
0x0015bc70,3,0x001ab724
0x0015c124,1,0x00115bc8
0x0015c624,1,0x00115cec
0x0015cae0,6,0x0015c600
0x0015cce4,1,0x0015d30c
0x0015cdf8,2,0x0015c508
0x0015cea4,1,0x0015d2cc
0x0015d0bc,1,0x00116658
0x0015d334,2,0x00116344
0x0015d3ec,1,0x001594f4
0x0015d6d8,1,0x00159d5c
0x0015d8ec,2,0x00115bfc
0x0015d9ac,1,0x0015e554
0x0015dab4,2,0x0015dc40
0x0015db74,2,0x00171c8c
0x0015dc84,163,0x0015de28
0x0015de14,228,0x0015f0c8
0x0015de68,163,0x0015e054
0x0015e034,24,0x0016b038
0x0015e07c,18,0x0015da38
0x0015e190,1,0x001ac704
0x0015e198,1,0x0015e908
0x0015e298,2,0x0015ad5c
0x0015e40c,12,0x0015a4c4
0x0015ecec,1,0x0015eb00
0x0015eeac,1,0x0015ea08
0x0015f030,2,0x0015e3fc
0x0015f15c,2,0x0015da78
0x0016ded4,1,0x0016f084
0x0016efa0,1,0x00115f3c
0x0016f0a0,5,0x0016d76c
0x0016f10c,15,0x0015f1f8
0x0016f2dc,15,0x0015f23c
0x0016f580,15,0x0016a1a8
0x0016f7f8,15,0x0016a164
0x0016f9b0,3,0x0015bbe4
0x0016fa18,2,0x00115c60
0x0016fa7c,1,0x00171c18
0x0016fb04,1,0x00153598
0x0016fbb4,1,0x001533dc
0x0016fc48,3,0x001ab8cc
0x0016fc6c,3,0x001abbf0
0x0016fcd4,1,0x0016ff80
0x0016fd08,1,0x001700f4
0x001701fc,3,0x001ab8f0
0x00170204,3,0x001abc18
0x0017022c,1,0x00171258
0x0017028c,14,0x00170468
0x00170398,1,0x00170258
0x00171160,1,0x00170bc8
0x001711e8,2,0x00101260
0x0017124c,2,0x00101380
0x00171348,1,0x00171218
0x00171700,1,0x001712a8
0x00171de8,4,0x00172130
0x00171e0c,11,0x00171458
0x00172174,6,0x001714dc
0x001721ec,11,0x0017183c
0x001725ac,7,0x001717d0
0x001726ec,1,0x0010b0f0
0x001728d4,1,0x0017127c
0x00173c24,2,0x00171b6c
0x00173dfc,3,0x00174690
0x00173e4c,2,0x0017561c
0x00173e6c,6,0x00173f3c
0x00173f24,3,0x0010b428
0x00173f50,1,0x0010b214
0x00173ff0,1,0x0010aee4
0x0017409c,1,0x0010af44
0x00174120,3,0x0010aca0
0x00174204,2,0x0010aef8
0x0017422c,4,0x0010b348
0x001742b4,2,0x0010add8
0x001742e8,1,0x0010af64
0x001742f8,1,0x0010b190
0x00174350,3,0x00170b64
0x001744d0,9,0x0010b360
0x00174564,1,0x0010b548
0x00174618,1,0x0010b4c8
0x001746a4,1,0x0010b88c
0x00174720,1,0x0010b2ac
0x00174728,5,0x0010aeb8
0x00174830,1,0x0010b264
0x00174860,1,0x0010afb4
0x0017487c,20,0x001052f4
0x00174898,1,0x0017501c
0x00174b94,1,0x00175040
0x00174fe4,4,0x00175670
0x00175300,1,0x00177a4c
0x00175cb4,1,0x00177a5c
0x00176578,1,0x00105944
0x00176594,1,0x00176580
0x00176814,1,0x0031a8b8
0x00177a84,3,0x0010ac98
0x00177cec,1,0x001055ac
0x00177db0,4,0x0010b3ec
0x00177e6c,2,0x0010b084
0x0017a398,1,0x00319be4
0x0017ec24,1,0x002f3bd0
0x0017f3f4,1,0x00320430
0x001806a4,1,0x001567f8
0x00180b80,1,0x00182d94
0x00181018,1,0x0030d7f8
0x001813f0,4,0x0015c114
0x00181838,1,0x0030b0b8
0x00181858,1,0x00319970
0x00181bac,1,0x0015bbf4
0x00182038,1,0x0030ad7c
0x0018255c,3,0x001ab81c
0x001825e4,1,0x00182800
0x00182638,10,0x00171370
0x00182850,1,0x0031d648
0x00182910,1,0x001ac804
0x00182984,3,0x00182bb0
0x001832a4,2,0x00115c70
0x0018339c,3,0x001830cc
0x001833a4,1,0x00153588
0x001834f0,1,0x00153454
0x00183660,3,0x00115bd0
0x00183678,2,0x00153438
0x001836d0,2,0x00183a20
0x00183778,1,0x00183988
0x001837cc,3,0x00183c40
0x00183878,1,0x002fa544
0x00183aa4,1,0x0015a5e0
0x00183ba8,1,0x003119d8
0x00183bdc,1,0x0015acd8
0x00183c00,1,0x0031f470
0x00183c58,2,0x001535a8
0x00183d40,2,0x00153464
0x00183e04,30,0x00184590
0x00184070,1,0x003201e4
0x00184124,1,0x0031c850
0x0018543c,1,0x00311cf4
0x0018c124,5,0x0018d97c
0x0018c1f8,1,0x0018dad8
0x0018c834,1,0x0018db24
0x0018ce70,1,0x0018dc0c
0x0018d3c4,1,0x0018dc50
0x0018d918,1,0x00190328
0x0018dc60,37,0x0018c150
0x0018dd6c,7,0x0018d9c0
0x0018e2e0,5,0x0018d9e0
0x0018e318,16,0x0018c398
0x0018e3ac,2,0x0018eb84
0x0018e440,10,0x0018e80c
0x0018e4c0,1,0x00190308
0x0018e92c,1,0x0018e520
0x0018ea58,1,0x001902e8
0x0018eeb4,1,0x0018ee3c
0x0018f010,6,0x0018f08c
0x0018f070,19,0x0018f47c
0x0018f0ec,15,0x0018f46c
0x0018f1b8,1,0x0018f258
0x0018f240,1,0x0018fcc0
0x0018f27c,1,0x0018f438
0x0018f408,1,0x001506c4
0x0018f5e0,3,0x00150708
0x0018f654,1,0x0018f7ac
0x0018f6cc,3,0x0018fad8
0x0018faa4,4,0x001507bc
0x0018faec,3,0x001506dc
0x0018fb54,2,0x00150ac0
0x0018fbfc,2,0x00150798
0x0018fcec,1,0x0018ffac
0x0018ff6c,2,0x001507c4
0x001900d4,1,0x00150804
0x00190578,3,0x00150814
0x00190700,1,0x001907d4
0x001908bc,1,0x00190778
0x001908ec,2,0x001908d8
0x00190d10,1,0x00190b7c
0x00190dc0,1,0x0019363c
0x00190ec8,5,0x00191148
0x00190ef8,11,0x00191164
0x00190fa0,4,0x0019078c
0x00191308,5,0x001907a4
0x0019165c,1,0x00191a10
0x0019170c,1,0x00190d98
0x001917b0,2,0x00191e1c
0x001919a4,3,0x00191cc0
0x0019272c,4,0x00192910
0x00192784,6,0x00190608
0x00192800,3,0x00190068
0x00192948,1,0x00190868
0x0019296c,3,0x00190354
0x001930a0,10,0x0018e358
0x00193290,2,0x00193700
0x00193298,2,0x0019356c
0x00193564,3,0x001018bc
0x00193674,15,0x0019373c
0x0019371c,2,0x0019343c
0x00193914,2,0x001934e8
0x00193a34,12,0x00151eb4
0x00193dbc,8,0x001713f0
0x00193f88,2,0x001940b8
0x001940ec,2,0x00172604
0x001942d4,1,0x001941e4
0x00194378,2,0x001725f0
0x001943c0,2,0x001944f0
0x0019441c,2,0x00193b6c
0x00194498,2,0x001018e8
0x00194628,4,0x00192774
0x001946e8,1,0x001928f0
0x001947d0,1,0x00192ca0
0x00195280,1,0x001927f0
0x001952e8,1,0x00192f14
0x0019532c,1,0x00193084
0x0019533c,2,0x001948d8
0x001953ac,1,0x00194f74
0x00195b10,2,0x001946c4
0x00195b3c,1,0x00195480
0x00195f80,3,0x00196554
0x001964d4,1,0x00194db4
0x001965d4,1,0x00194efc
0x001967b0,1,0x001948c0
0x001967e8,7,0x00194930
0x00196980,1,0x00196994
0x00196988,1,0x00190d90
0x00196a00,2,0x001969e8
0x00196a94,3,0x00196ffc
0x00196b98,1,0x00197124
0x00196e80,1,0x00197134
0x00196f24,3,0x001978a4
0x001971ec,2,0x00197888
0x001972f4,2,0x00197b48
0x00197874,1,0x00197fc0
0x00197910,1,0x001980e8
0x00197bf4,2,0x00191190
0x00197cb0,1,0x001911ec
0x00197f64,8,0x00191c08
0x00198308,1,0x001980fc
0x0019879c,1,0x001981d0
0x00198840,1,0x00196f14
0x0019886c,2,0x00197dbc
0x00198904,2,0x00198048
0x0019897c,1,0x00197c8c
0x00198ac0,3,0x00190c2c
0x00198cc8,5,0x0010058c
0x00198d78,5,0x001004b4
0x00199070,2,0x00100ce8
0x001990f8,3,0x001003f4
0x00199160,1,0x00198ee0
0x00199178,2,0x00199308
0x00199198,20,0x00100678
0x001991b0,4,0x00100d34
0x001991e8,6,0x00100760
0x001991f8,1,0x00100884
0x00199208,7,0x00100770
0x00199268,7,0x00100754
0x00199290,2,0x001008c0
0x001992f8,2,0x00198f90
0x00199360,2,0x00198f9c
0x001993c8,1,0x00100314
0x00199420,1,0x001005cc
0x00199440,1,0x00199404
0x00199460,1,0x001005d4
0x00199590,2,0x00198c68
0x001996d0,2,0x00198d40
0x00199740,2,0x00199708
0x00199838,6,0x00199520
0x00199898,1,0x001998c4
0x001998b8,28,0x00199a80
0x001998f8,19,0x0010044c
0x001999e8,1,0x00198fb0
0x00199aa8,14,0x0010040c
0x00199b80,7,0x00100418
0x00199c58,1,0x00198fe4
0x00199cd0,1,0x00198ff0
0x00199d48,1,0x00198fd8
0x00199dc0,1,0x001993a0
0x00199e58,2,0x00198fcc
0x00199ef8,8,0x00102c98
0x00199f88,6,0x001006bc
0x0019a500,5,0x001019f4
0x0019a580,4,0x00100400
0x0019a588,15,0x001006f0
0x0019a748,24,0x00100a18
0x0019adf8,37,0x00100670
0x0019b028,27,0x00100734
0x0019b7f0,2,0x00100444
0x0019b948,37,0x00100860
0x0019bad0,1,0x0019ba18
0x0019bb68,1,0x0019ba54
0x0019be20,2,0x00199914
0x0019be40,2,0x00199904
0x0019be70,1,0x00105058
0x0019c0d0,5,0x00102ba8
0x0019c190,1,0x00103c9c
0x0019c2ac,1,0x00102a10
0x0019c364,31,0x0012b26c
0x0019c39c,109,0x001002e4
0x0019c3d4,19,0x00103218
0x0019c410,3,0x00170304
0x0019c458,152,0x00105eb8
0x0019c4a0,58,0x0010ab34
0x0019c528,32,0x00104488
0x0019c550,22,0x00103d0c
0x0019c5cc,1,0x00104e74
0x0019c5e8,48,0x001045a4
0x0019c610,11,0x00103d34
0x0019c648,1,0x0018f26c
0x0019c688,12,0x00107820
0x0019c7b0,68,0x0010767c
0x0019c960,1,0x0019c9bc
0x0019ca0c,1,0x0019ca9c
0x0019cc0c,5,0x00104f68
0x0019cd70,2,0x0019c6b0
0x0019ce2c,2,0x0019ca70
0x0019ce60,1,0x0019cb90
0x0019ce70,3,0x0019c754
0x0019ce80,2,0x0019c7a0
0x0019ce90,3,0x0019c9b4
0x0019cea0,9,0x0019c798
0x0019ceb0,8,0x001078a4
0x0019cec0,1,0x00199984
0x0019ced0,4,0x00104ed4
0x0019cee0,6,0x00104ec8
0x0019cef0,7,0x0019cd3c
0x0019cf00,5,0x0019ccec
0x0019cf10,15,0x0019c248
0x0019cfc0,29,0x0010115c
0x0019d090,35,0x00101250
0x0019d120,75,0x001042f4
0x0019d244,43,0x0010653c
0x0019d360,37,0x0010426c
0x0019d410,1,0x00107374
0x0019d534,9,0x00172788
0x0019d558,1,0x00173cfc
0x0019d600,6,0x00104f8c
0x0019d620,1,0x00104ee8
0x0019d63c,2,0x00104ea8
0x0019d6b8,2,0x00104ef0
0x0019d740,1,0x00104f60
0x0019d84c,2,0x0019dfc8
0x0019dba8,1,0x0019e0f0
0x0019dd28,1,0x0019df88
0x0019de10,1,0x0019e330
0x0019e274,1,0x0019e2a4
0x0019e2e0,3,0x001075e8
0x0019e364,2,0x00193ec8
0x0019e388,15,0x001140a0
0x0019e3d0,58,0x00100824
0x0019e414,16,0x001031d4
0x0019e474,1,0x0019e5bc
0x0019e4b4,46,0x00105f7c
0x0019e648,1,0x00198a90
0x0019e698,15,0x0010015c
0x0019e784,49,0x0010328c
0x0019e860,6,0x00106bec
0x0019e8e4,4,0x00150950
0x0019e99c,14,0x00104498
0x0019eaa4,9,0x00103d78
0x0019eaf8,3,0x001044c4
0x0019eb80,18,0x001062fc
0x0019edac,8,0x0019e888
0x0019ee0c,3,0x0019ed50
0x0019ee20,2,0x0019ede8
0x0019ee34,4,0x001509a4
0x0019ee80,14,0x00106c70
0x0019ee94,1,0x0019ef8c
0x0019eee0,3,0x0019ef08
0x0019efac,12,0x001044a8
0x0019f018,7,0x0019cc50
0x0019f060,10,0x0019cce0
0x0019f078,8,0x0019e500
0x0019f138,2,0x0019f28c
0x0019f264,6,0x0019c714
0x0019f2a0,2,0x0019cad8
0x0019f304,1,0x0019cc48
0x0019f510,1,0x0019cd54
0x0019f544,4,0x0019cc90
0x0019f57c,1,0x0019cd28
0x0019f5a0,1,0x0019f42c
0x0019f5b0,1,0x0019f528
0x0019f5c0,1,0x0019f0ec
0x0019f5d0,1,0x0019d754
0x0019f5e0,1,0x0019f20c
0x0019f5f0,1,0x0019f500
0x0019f600,7,0x0019cfec
0x0019f7e8,1,0x0019d60c
0x0019f8f4,1,0x0019d628
0x0019f9e8,2,0x0019d658
0x0019faa8,1,0x0019e3bc
0x0019fb00,1,0x0019f43c
0x0019fb78,1,0x0019f518
0x0019fcd0,1,0x0019fb28
0x0019fce0,1,0x0019fba0
0x0019fcf0,1,0x0019f788
0x0019fd00,1,0x0019f778
0x0019fd10,1,0x0019fc5c
0x0019fd20,2,0x0019f824
0x0019fddc,20,0x0010b9a4
0x001a0024,20,0x0010b9b4
0x001a0254,7,0x0012c800
0x001a045c,1,0x0010c114
0x001a06a0,5,0x0010c1e8
0x001a06b0,6,0x0010bf20
0x001a06c0,4,0x0019fe04
0x001a08ec,2,0x00104fe4
0x001a0a68,6,0x0010117c
0x001a0ba0,1,0x001a10d8
0x001a1204,4,0x001068d4
0x001a147c,2,0x001051a0
0x001a1974,12,0x0010118c
0x001a1a54,1,0x001074ac
0x001a1af4,2,0x001a19c4
0x001a1b20,28,0x00108a60
0x001a1b98,2,0x001753a0
0x001a1c98,2,0x001747cc
0x001a1db8,13,0x00105304
0x001a1f08,1,0x001a1e70
0x001a25b0,4,0x00173f08
0x001a25d0,1,0x001a25b8
0x001a2c78,4,0x00198c10
0x001a2c98,1,0x001a2c80
0x001a3340,54,0x00102f88
0x001a3380,2,0x001a35f0
0x001a35b0,25,0x00103148
0x001a3610,14,0x00102f98
0x001a3680,40,0x0010b978
0x001a36e0,1,0x001a36c0
0x001a3950,9,0x0010c12c
0x001a39b0,1,0x001a398c
0x001a3ad8,15,0x0012c780
0x001a3b30,13,0x0012c054
0x001a3bf0,7,0x0010c144
0x001a3c90,1,0x001a3368
0x001a3cc0,28,0x00102fa0
0x001a3d18,5,0x00177c04
0x001a3dc0,1,0x001a4e34
0x001a3e30,3,0x001a41d4
0x001a3ee8,28,0x001a3fe4
0x001a3f28,8,0x001a4064
0x001a3f88,3,0x001a41e8
0x001a40e8,1,0x001a97bc
0x001a40f0,3,0x001a3ebc
0x001a40f8,2,0x001a3eac
0x001a4100,2,0x001a3ed0
0x001a4108,1,0x001a4df8
0x001a42b8,2,0x001a508c
0x001a4848,2,0x001a4e28
0x001a4d78,5,0x001a4f24
0x001a4fe0,2,0x001a51e4
0x001a51d0,3,0x001a554c
0x001a5228,3,0x001a5624
0x001a52d0,3,0x001a57cc
0x001a54c8,2,0x001a57ac
0x001a55a8,2,0x001a9e28
0x001a57e8,2,0x001a5a18
0x001a5ac0,9,0x001005a8
0x001a5c58,1,0x001ab1c4
0x001a5c98,2,0x001a9974
0x001a5cb0,1,0x001a9800
0x001a5cb8,1,0x001a9990
0x001a5cc0,3,0x001a6838
0x001a5d30,3,0x001a5e2c
0x001a5d70,2,0x001a5eac
0x001a5dd0,14,0x001a6308
0x001a5f30,1,0x001a5f8c
0x001a5f80,1,0x001a5fdc
0x001a5ff0,1,0x001a6044
0x001a6038,1,0x001a6074
0x001a6090,1,0x001a6170
0x001a6168,1,0x001a61a8
0x001a61c0,11,0x001a6384
0x001a6240,7,0x001a6440
0x001a64e8,2,0x001a7264
0x001a6770,2,0x001a7400
0x001a68f0,2,0x001a73bc
0x001a6a70,2,0x001a6ed0
0x001a6c18,2,0x001a6fa0
0x001a6f30,1,0x001a4dc8
0x001a70c0,1,0x001a6f10
0x001a7438,1,0x001a7240
0x001a7580,2,0x001a1cf8
0x001a7638,1,0x001a459c
0x001a7788,1,0x001a76f0
0x001a7e30,1,0x001a3350
0x001a7f10,1,0x001a3d04
0x001a7f40,6,0x001a35f8
0x001a80d0,13,0x001a35d4
0x001a81b8,1,0x001a3b14
0x001a82c0,1,0x001a7f2c
0x001a8420,6,0x001a8874
0x001a8484,1,0x00104a6c
0x001a8690,5,0x00104ae4
0x001a8864,11,0x00100d48
0x001a88a8,14,0x00100cc8
0x001a8918,1,0x001a88fc
0x001a8938,3,0x001a8cd0
0x001a8abc,1,0x001a8570
0x001a8c20,1,0x00104a38
0x001a8d44,1,0x001a8ce8
0x001a8dbc,2,0x001a8d14
0x001a90f8,21,0x001005a0
0x001a9118,7,0x00129ea8
0x001a9138,1,0x001a95a0
0x001a91b0,6,0x001a94e0
0x001a9268,5,0x001a9370
0x001a92a8,3,0x001a940c
0x001a9308,5,0x001a94f4
0x001a9488,3,0x001a97dc
0x001a9588,2,0x001a96e8
0x001a95f8,2,0x001a96f8
0x001a9698,3,0x001a9b20
0x001a9b88,2,0x001a9f5c
0x001a9ca8,4,0x001a9b80
0x001a9cf0,4,0x001a9d18
0x001a9d08,2,0x001a9bc4
0x001a9db8,2,0x001a9c60
0x001a9e40,1,0x001a9c14
0x001a9e88,9,0x00100580
0x001a9f68,7,0x0012b248
0x001a9fa8,3,0x001aa140
0x001aa130,6,0x001aa1c8
0x001aab20,2,0x001aab7c
0x001aafb8,2,0x001a9c48
0x001ab080,1,0x001a9d88
0x001ab0f0,6,0x001a9b78
0x001ab158,3,0x001a9c8c
0x001ab228,12,0x001aa000
0x001ab298,1,0x001a9c74
0x001ab308,2,0x001a9bd8
0x001ab318,4,0x001a9e14
0x001ab360,1,0x001a9f2c
0x001ab3c0,1,0x001a8454
0x001ab440,1,0x001ab3f8
0x001ab4e8,7,0x0010c518
0x001ab63c,166,0x001141a4
0x001ab900,179,0x0011438c
0x001abc28,234,0x00115a40
0x001ac024,24,0x00115af8
0x001ac190,24,0x001240c4
0x001ac604,9,0x00125f88
0x001ac734,2,0x0012a154
0x001ac838,11,0x00143998
0x001ac994,118,0x00178af8
0x001aca50,60,0x00178b10
0x001acb3c,59,0x00179bb8
0x001acbf0,17,0x0017a43c
0x001acd04,8,0x001843e4
0x001ace28,8,0x00184458
0x001acf4c,8,0x00184b98
0x001ad090,8,0x00184c0c
0x001ad1d4,8,0x0018534c
0x001ad398,8,0x001853c0
0x001ad55c,8,0x00185ee4
0x001ad684,8,0x00185f58
0x001ad7ac,8,0x00186698
0x001ad8f4,8,0x0018670c
0x001ada3c,8,0x00186e4c
0x001adc34,8,0x00186ec0
0x001ade2c,8,0x001879f4
0x001ae2c0,8,0x00187a68
0x001ae754,8,0x001881a8
0x001aeb58,8,0x0018821c
0x001aef5c,8,0x0018895c
0x001af310,8,0x001889d0
0x001af6c4,8,0x00189110
0x001afa88,8,0x00189184
0x001afe4c,8,0x001898c4
0x001b008c,8,0x00189938
0x001b02cc,8,0x0018a078
0x001b052c,8,0x0018a0ec
0x001b0790,2,0x0019b9b0
0x001ba3bc,1,0x0031cc14
0x001bd398,2,0x0031542c
0x001be3b4,1,0x00302f34
0x001bebc8,1,0x0030a8e0
0x001bebd0,1,0x0030f530
0x001bebe0,1,0x0031a4b4
0x001bf3b8,1,0x0030d8a8
0x001bfc1c,1,0x00313c90
0x001c1008,2,0x003052f8
0x001c1010,1,0x0030dee0
0x001c13fc,1,0x002f1f2c
0x001c1420,1,0x00320f3c
0x001c1860,1,0x002fa780
0x001c1c28,1,0x00313e28
0x001c3860,1,0x00316364
0x001f72cc,1,0x00316744
0x001fffe0,1,0x0030eed0
0x00200c0c,1,0x003140a4
0x00201004,1,0x00305378
0x00201008,4,0x002f7e6c
0x00201034,1,0x00312e28
0x002013fc,2,0x002f193c
0x0020140c,1,0x002f8a4c
0x002017f8,1,0x00320738
0x00201808,4,0x002fa9e4
0x0020180c,1,0x003055b8
0x00201810,8,0x002f8814
0x00201818,1,0x0030104c
0x00201bf4,1,0x0030ad54
0x00201c10,2,0x002fe5dc
0x00201c14,1,0x0032167c
0x00201c18,1,0x00314114
0x00201c24,1,0x00320438
0x00201c28,1,0x0031b7e8
0x00201fe4,1,0x0031ebe8
0x00202014,1,0x002abb94
0x00202018,1,0x003013c8
0x0020201c,1,0x003211d4
0x00202020,1,0x00321004
0x00202024,1,0x00320720
0x00202028,1,0x00304e78
0x00202038,2,0x003014a0
0x002023d8,1,0x00315e18
0x00202420,1,0x002fb320
0x0020244c,1,0x00309708
0x0020247c,1,0x0031d7d8
0x00202820,1,0x00320dc0
0x00202830,2,0x002fb360
0x00202838,1,0x00304e38
0x00202848,2,0x0030f04c
0x00202850,1,0x00301460
0x00202c60,1,0x00319bbc
0x00203020,1,0x002f3434
0x00203860,1,0x0031797c
0x00203874,1,0x0030d388
0x00203c6c,1,0x0030b28c
0x002074d8,1,0x00317b3c
0x0020bcd0,1,0x00315ad0
0x0020c0f4,1,0x003132b4
0x00239ffc,1,0x00314e54
0x0023e400,1,0x0031f1f0
0x0023ebb8,1,0x0030f16c
0x0023f3c8,1,0x003110e4
0x0023fbd0,1,0x003051f0
0x0023fc50,1,0x00316aec
0x0023fff4,1,0x0030add8
0x00241c10,1,0x002fe4dc
0x00241c14,1,0x002fe55c
0x00241c18,1,0x002f1598
0x00242018,1,0x00321148
0x00242424,1,0x00321904
0x00242434,1,0x00320f4c
0x00242820,1,0x003096a8
0x00247458,1,0x00312330
0x0028083c,1,0x002fa7c0
0x002813f0,1,0x00308b08
0x002813fc,1,0x0030ce28
0x00281408,1,0x002f8028
0x0028140c,1,0x002f2128
0x00281808,1,0x0030625c
0x00281810,7,0x002f8718
0x00281814,1,0x0030045c
0x00281818,1,0x00301388
0x00281bf8,1,0x0030de78
0x00281c10,8,0x002f8a8c
0x00281c14,1,0x002fe49c
0x00281c18,2,0x003040ac
0x00281fe4,1,0x00320424
0x00282010,12,0x002f91bc
0x00282014,9,0x002f8acc
0x00282018,53,0x002f19c8
0x0028201c,5,0x00301448
0x00282020,6,0x003016c4
0x00282028,3,0x002faf6c
0x00282030,1,0x00320c14
0x002823b0,1,0x00315a40
0x00282418,2,0x0030197c
0x0028241c,1,0x0030114c
0x00282420,7,0x002f1ba4
0x00282424,2,0x00304764
0x0028281c,2,0x002f9874
0x00282820,2,0x00304864
0x00282828,2,0x002fb0a8
0x00283000,1,0x0032069c
0x00283030,1,0x00320f5c
0x00283040,1,0x00306928
0x0028383c,1,0x00318a3c
0x00283840,1,0x00310758
0x0028607c,1,0x0031b2b8
0x00287c30,1,0x0031a274
0x002888c0,1,0x0031a014
0x002b2364,1,0x003194cc
0x002bcfb0,1,0x003194f8
0x002bdb38,1,0x0031a500
0x002c1bfc,1,0x0031bc78
0x002c2010,1,0x003062dc
0x002c2014,2,0x002fa1ec
0x002c2018,5,0x002f9438
0x002c201c,1,0x00301af8
0x002c241c,1,0x00302524
0x002c2420,1,0x00303d74
0x002c2818,1,0x0030412c
0x002c2820,3,0x00301df0
0x002c2824,8,0x0033baf0
0x002c2828,3,0x002f2094
0x002c282c,1,0x003051b8
0x002c2bfc,1,0x0031b638
0x002c2c28,8,0x0033befc
0x002c2c2c,1,0x00321fb8
0x002c3030,1,0x00320db8
0x002c487c,1,0x00309b9c
0x002c64ac,1,0x0031fb5c
0x002fcb78,1,0x0031d6b8
0x002ffbfc,1,0x00313918
0x00300034,1,0x0031fc24
0x003003fc,1,0x0031f650
0x00300414,1,0x00313b04
0x00300bd0,1,0x00302f74
0x00301008,1,0x0030d8c8
0x00301808,1,0x0030fa78
0x00301828,1,0x00313b6c
0x00301bec,1,0x003083f0
0x00302010,2,0x00305030
0x00302014,1,0x00320c0c
0x00302018,2,0x002ff380
0x0030201c,1,0x002f83e0
0x00302020,1,0x003027e4
0x00302398,1,0x0031f268
0x00302418,1,0x002fa26c
0x00302420,1,0x00302764
0x00302814,1,0x00320c7c
0x00302818,2,0x003028e4
0x0030281c,2,0x003014c8
0x00302820,8,0x002f78ec
0x00302824,3,0x002f7744
0x00302828,6,0x002f2780
0x0030282c,1,0x002facb8
0x00302830,2,0x00320b14
0x00302c20,3,0x002faeb0
0x00302c24,1,0x00305838
0x00302c28,3,0x002facf8
0x00302c2c,9,0x0033bf1c
0x00302c30,1,0x00305074
0x00303024,1,0x0031fd68
0x00303028,3,0x002fabbc
0x0030302c,1,0x0033cba4
0x00303030,16,0x001b9df8
0x003030e4,1,0x0031cd34
0x0030341c,1,0x00320b44
0x00303430,1,0x00309f08
0x00303448,1,0x0031d890
0x00303820,1,0x002fb4dc
0x00303838,1,0x002f247c
0x00304050,1,0x003201e8
0x00304460,1,0x003077d8
0x0030480c,1,0x0031efdc
0x00304c5c,1,0x00320994
0x00305060,1,0x0030efec
0x0030638c,1,0x0031e888
0x003063c0,1,0x0031e7a4
0x00306818,1,0x00315540
0x00306c30,1,0x0031f880
0x00307f98,1,0x0031f128
0x003090f8,1,0x0031630c
0x00339b90,1,0x0031f7c8
0x00339bd0,1,0x002faea8
0x0033b3e8,1,0x0031edac
0x0033c020,1,0x002f39ac
0x0033c414,1,0x002f3b20
0x0033e008,1,0x0031aa34
0x0033e3ac,1,0x0031ff5c
0x0033efcc,1,0x003197b0
0x0033f3ec,1,0x002fb41c
0x0033ffd0,1,0x0030e19c
0x0033fff8,1,0x0031d7c0
0x00341c48,1,0x002fa5c4
0x00342010,1,0x00320d20
0x00342438,1,0x003202b4
0x00342c24,1,0x003066e0
0x00343430,2,0x002f159c
0x00343838,3,0x002f2188
0x0034383c,1,0x003051b4
0x00343840,1,0x002f1cc8
0x00343844,1,0x0031d670
0x00343854,1,0x00320310
0x00344858,1,0x00308550
0x0034d098,1,0x00316f30
0x0037bfec,1,0x0031c22c
0x00381858,1,0x0031b8c0
0x00381be0,1,0x0031d7a0
0x00381bfc,1,0x0031b42c
0x00382be8,1,0x00319d10
0x00382bf0,1,0x00309c90
0x00382c18,1,0x00305330
0x00383020,1,0x002fde98
0x00383024,1,0x00313e70
0x00383094,1,0x00319400
0x00383834,1,0x0031d8b8
0x00383838,2,0x002f3704
0x00383844,1,0x002f269c
0x00383c58,1,0x0030e3b0
0x00384038,1,0x0030de4c
0x00384048,1,0x002f24a4
0x0038404c,1,0x002f1d88
0x00384050,2,0x002f1a98
0x00384428,1,0x00320b10
0x0038443c,1,0x0030a724
0x00384858,1,0x0030e2ac
0x00385070,1,0x003097ec
0x003873e0,1,0x00318b90
0x00389068,1,0x003132b0
0x003bbfdc,1,0x0031200c
0x003c0004,1,0x0031fd40
0x003c2808,1,0x0030c310
0x003c3030,1,0x003211d8
0x003c3040,1,0x003209f0
0x003c3350,1,0x003187bc
0x003c4030,1,0x00320dbc
0x003c4854,1,0x002f7148
0x003c4c60,1,0x003207e8
0x003c5068,1,0x00318d88
0x003c6088,1,0x00304d38
0x003ca898,1,0x00317880
0x003fc768,1,0x0031e1c0
0x003ff010,1,0x003127b4
0x00400800,1,0x0031fee4
0x0040144c,1,0x00320180
0x004033f8,1,0x003175f0
0x0040382c,1,0x002f5344
0x00404848,2,0x0030b700
0x00404c40,1,0x002f2e0c
0x00405038,1,0x0032009c
0x00405060,1,0x00308af8
0x00405860,1,0x0030b594
0x00405870,1,0x00307a08
0x00406068,1,0x0030a904
0x00406874,1,0x0030d5d8
0x00406c50,1,0x00317c64
