target,first_call_site,call_count,reason,evidence
0x00100000,0x0031fb6c,1,data-only-call-site,all observed JAL-pattern words are in post-code data; no executable caller
0x00100014,0x003112b0,1,data-only-call-site,all observed JAL-pattern words are in post-code data; no executable caller
0x001003b4,0x003121ac,1,data-only-call-site,all observed JAL-pattern words are in post-code data; no executable caller
0x00100808,0x00306b1c,1,data-only-call-site,all observed JAL-pattern words are in post-code data; no executable caller
0x00100bf8,0x003083f8,1,data-only-call-site,all observed JAL-pattern words are in post-code data; no executable caller
0x00101028,0x0030d724,1,data-only-call-site,all observed JAL-pattern words are in post-code data; no executable caller
0x00101038,0x0030e994,1,data-only-call-site,all observed JAL-pattern words are in post-code data; no executable caller
0x00102050,0x0030df2c,1,data-only-call-site,all observed JAL-pattern words are in post-code data; no executable caller
0x00103000,0x0031ff7c,1,data-only-call-site,all observed JAL-pattern words are in post-code data; no executable caller
0x001050a0,0x0031a41c,1,data-only-call-site,all observed JAL-pattern words are in post-code data; no executable caller
0x00116040,0x0042375c,1,data-only-call-site,all observed JAL-pattern words are in post-code data; no executable caller
0x00117044,0x00425f88,1,data-only-call-site,all observed JAL-pattern words are in post-code data; no executable caller
0x0011d044,0x0042364c,1,data-only-call-site,all observed JAL-pattern words are in post-code data; no executable caller
0x0013cbc4,0x0031661c,1,data-only-call-site,all observed JAL-pattern words are in post-code data; no executable caller
0x00140010,0x00317cdc,1,data-only-call-site,all observed JAL-pattern words are in post-code data; no executable caller
0x001413fc,0x0030ce94,1,data-only-call-site,all observed JAL-pattern words are in post-code data; no executable caller
0x00141424,0x00320ce8,1,data-only-call-site,all observed JAL-pattern words are in post-code data; no executable caller
0x00142020,0x00320850,1,data-only-call-site,all observed JAL-pattern words are in post-code data; no executable caller
0x0014203c,0x003208c8,1,data-only-call-site,all observed JAL-pattern words are in post-code data; no executable caller
0x00143030,0x0031ff78,1,data-only-call-site,all observed JAL-pattern words are in post-code data; no executable caller
0x00176814,0x0031a8b8,1,data-only-call-site,all observed JAL-pattern words are in post-code data; no executable caller
0x0017a398,0x00319be4,1,data-only-call-site,all observed JAL-pattern words are in post-code data; no executable caller
0x0017f3f4,0x00320430,1,data-only-call-site,all observed JAL-pattern words are in post-code data; no executable caller
0x00181018,0x0030d7f8,1,data-only-call-site,all observed JAL-pattern words are in post-code data; no executable caller
0x00181838,0x0030b0b8,1,data-only-call-site,all observed JAL-pattern words are in post-code data; no executable caller
0x00181858,0x00319970,1,data-only-call-site,all observed JAL-pattern words are in post-code data; no executable caller
0x00182038,0x0030ad7c,1,data-only-call-site,all observed JAL-pattern words are in post-code data; no executable caller
0x00182850,0x0031d648,1,data-only-call-site,all observed JAL-pattern words are in post-code data; no executable caller
0x00183878,0x002fa544,1,data-only-call-site,all observed JAL-pattern words are in post-code data; no executable caller
0x00183ba8,0x003119d8,1,data-only-call-site,all observed JAL-pattern words are in post-code data; no executable caller
0x00183c00,0x0031f470,1,data-only-call-site,all observed JAL-pattern words are in post-code data; no executable caller
0x00184070,0x003201e4,1,data-only-call-site,all observed JAL-pattern words are in post-code data; no executable caller
0x00184124,0x0031c850,1,data-only-call-site,all observed JAL-pattern words are in post-code data; no executable caller
0x0018543c,0x00311cf4,1,data-only-call-site,all observed JAL-pattern words are in post-code data; no executable caller
0x001ba3bc,0x0031cc14,1,target-outside-confirmed-code,decoded JAL word occurs in post-code data and points outside 0x00100000..0x001b07ff
0x001bd398,0x0031542c,2,target-outside-confirmed-code,decoded JAL word occurs in post-code data and points outside 0x00100000..0x001b07ff
0x001be3b4,0x00302f34,1,target-outside-confirmed-code,decoded JAL word occurs in post-code data and points outside 0x00100000..0x001b07ff
0x001bebc8,0x0030a8e0,1,target-outside-confirmed-code,decoded JAL word occurs in post-code data and points outside 0x00100000..0x001b07ff
0x001bebd0,0x0030f530,1,target-outside-confirmed-code,decoded JAL word occurs in post-code data and points outside 0x00100000..0x001b07ff
0x001bebe0,0x0031a4b4,1,target-outside-confirmed-code,decoded JAL word occurs in post-code data and points outside 0x00100000..0x001b07ff
0x001bf3b8,0x0030d8a8,1,target-outside-confirmed-code,decoded JAL word occurs in post-code data and points outside 0x00100000..0x001b07ff
0x001bfc1c,0x00313c90,1,target-outside-confirmed-code,decoded JAL word occurs in post-code data and points outside 0x00100000..0x001b07ff
0x001c1008,0x003052f8,2,target-outside-confirmed-code,decoded JAL word occurs in post-code data and points outside 0x00100000..0x001b07ff
0x001c1010,0x0030dee0,1,target-outside-confirmed-code,decoded JAL word occurs in post-code data and points outside 0x00100000..0x001b07ff
0x001c13fc,0x002f1f2c,1,target-outside-confirmed-code,decoded JAL word occurs in post-code data and points outside 0x00100000..0x001b07ff
0x001c1420,0x00320f3c,1,target-outside-confirmed-code,decoded JAL word occurs in post-code data and points outside 0x00100000..0x001b07ff
0x001c1860,0x002fa780,1,target-outside-confirmed-code,decoded JAL word occurs in post-code data and points outside 0x00100000..0x001b07ff
0x001c1c28,0x00313e28,1,target-outside-confirmed-code,decoded JAL word occurs in post-code data and points outside 0x00100000..0x001b07ff
0x001c3860,0x00316364,1,target-outside-confirmed-code,decoded JAL word occurs in post-code data and points outside 0x00100000..0x001b07ff
0x001f72cc,0x00316744,1,target-outside-confirmed-code,decoded JAL word occurs in post-code data and points outside 0x00100000..0x001b07ff
0x001fffe0,0x0030eed0,1,target-outside-confirmed-code,decoded JAL word occurs in post-code data and points outside 0x00100000..0x001b07ff
0x00200c0c,0x003140a4,1,target-outside-confirmed-code,decoded JAL word occurs in post-code data and points outside 0x00100000..0x001b07ff
0x00201004,0x00305378,1,target-outside-confirmed-code,decoded JAL word occurs in post-code data and points outside 0x00100000..0x001b07ff
0x00201008,0x002f7e6c,4,target-outside-confirmed-code,decoded JAL word occurs in post-code data and points outside 0x00100000..0x001b07ff
0x00201034,0x00312e28,1,target-outside-confirmed-code,decoded JAL word occurs in post-code data and points outside 0x00100000..0x001b07ff
0x002013fc,0x002f193c,2,target-outside-confirmed-code,decoded JAL word occurs in post-code data and points outside 0x00100000..0x001b07ff
0x0020140c,0x002f8a4c,1,target-outside-confirmed-code,decoded JAL word occurs in post-code data and points outside 0x00100000..0x001b07ff
0x002017f8,0x00320738,1,target-outside-confirmed-code,decoded JAL word occurs in post-code data and points outside 0x00100000..0x001b07ff
0x00201808,0x002fa9e4,4,target-outside-confirmed-code,decoded JAL word occurs in post-code data and points outside 0x00100000..0x001b07ff
0x0020180c,0x003055b8,1,target-outside-confirmed-code,decoded JAL word occurs in post-code data and points outside 0x00100000..0x001b07ff
0x00201810,0x002f8814,8,target-outside-confirmed-code,decoded JAL word occurs in post-code data and points outside 0x00100000..0x001b07ff
0x00201818,0x0030104c,1,target-outside-confirmed-code,decoded JAL word occurs in post-code data and points outside 0x00100000..0x001b07ff
0x00201bf4,0x0030ad54,1,target-outside-confirmed-code,decoded JAL word occurs in post-code data and points outside 0x00100000..0x001b07ff
0x00201c10,0x002fe5dc,2,target-outside-confirmed-code,decoded JAL word occurs in post-code data and points outside 0x00100000..0x001b07ff
0x00201c14,0x0032167c,1,target-outside-confirmed-code,decoded JAL word occurs in post-code data and points outside 0x00100000..0x001b07ff
0x00201c18,0x00314114,1,target-outside-confirmed-code,decoded JAL word occurs in post-code data and points outside 0x00100000..0x001b07ff
0x00201c24,0x00320438,1,target-outside-confirmed-code,decoded JAL word occurs in post-code data and points outside 0x00100000..0x001b07ff
0x00201c28,0x0031b7e8,1,target-outside-confirmed-code,decoded JAL word occurs in post-code data and points outside 0x00100000..0x001b07ff
0x00201fe4,0x0031ebe8,1,target-outside-confirmed-code,decoded JAL word occurs in post-code data and points outside 0x00100000..0x001b07ff
0x00202014,0x002abb94,1,target-outside-confirmed-code,decoded JAL word occurs in post-code data and points outside 0x00100000..0x001b07ff
0x00202018,0x003013c8,1,target-outside-confirmed-code,decoded JAL word occurs in post-code data and points outside 0x00100000..0x001b07ff
0x0020201c,0x003211d4,1,target-outside-confirmed-code,decoded JAL word occurs in post-code data and points outside 0x00100000..0x001b07ff
0x00202020,0x00321004,1,target-outside-confirmed-code,decoded JAL word occurs in post-code data and points outside 0x00100000..0x001b07ff
0x00202024,0x00320720,1,target-outside-confirmed-code,decoded JAL word occurs in post-code data and points outside 0x00100000..0x001b07ff
0x00202028,0x00304e78,1,target-outside-confirmed-code,decoded JAL word occurs in post-code data and points outside 0x00100000..0x001b07ff
0x00202038,0x003014a0,2,target-outside-confirmed-code,decoded JAL word occurs in post-code data and points outside 0x00100000..0x001b07ff
0x002023d8,0x00315e18,1,target-outside-confirmed-code,decoded JAL word occurs in post-code data and points outside 0x00100000..0x001b07ff
0x00202420,0x002fb320,1,target-outside-confirmed-code,decoded JAL word occurs in post-code data and points outside 0x00100000..0x001b07ff
0x0020244c,0x00309708,1,target-outside-confirmed-code,decoded JAL word occurs in post-code data and points outside 0x00100000..0x001b07ff
0x0020247c,0x0031d7d8,1,target-outside-confirmed-code,decoded JAL word occurs in post-code data and points outside 0x00100000..0x001b07ff
0x00202820,0x00320dc0,1,target-outside-confirmed-code,decoded JAL word occurs in post-code data and points outside 0x00100000..0x001b07ff
0x00202830,0x002fb360,2,target-outside-confirmed-code,decoded JAL word occurs in post-code data and points outside 0x00100000..0x001b07ff
0x00202838,0x00304e38,1,target-outside-confirmed-code,decoded JAL word occurs in post-code data and points outside 0x00100000..0x001b07ff
0x00202848,0x0030f04c,2,target-outside-confirmed-code,decoded JAL word occurs in post-code data and points outside 0x00100000..0x001b07ff
0x00202850,0x00301460,1,target-outside-confirmed-code,decoded JAL word occurs in post-code data and points outside 0x00100000..0x001b07ff
0x00202c60,0x00319bbc,1,target-outside-confirmed-code,decoded JAL word occurs in post-code data and points outside 0x00100000..0x001b07ff
0x00203020,0x002f3434,1,target-outside-confirmed-code,decoded JAL word occurs in post-code data and points outside 0x00100000..0x001b07ff
0x00203860,0x0031797c,1,target-outside-confirmed-code,decoded JAL word occurs in post-code data and points outside 0x00100000..0x001b07ff
0x00203874,0x0030d388,1,target-outside-confirmed-code,decoded JAL word occurs in post-code data and points outside 0x00100000..0x001b07ff
0x00203c6c,0x0030b28c,1,target-outside-confirmed-code,decoded JAL word occurs in post-code data and points outside 0x00100000..0x001b07ff
0x002074d8,0x00317b3c,1,target-outside-confirmed-code,decoded JAL word occurs in post-code data and points outside 0x00100000..0x001b07ff
0x0020bcd0,0x00315ad0,1,target-outside-confirmed-code,decoded JAL word occurs in post-code data and points outside 0x00100000..0x001b07ff
0x0020c0f4,0x003132b4,1,target-outside-confirmed-code,decoded JAL word occurs in post-code data and points outside 0x00100000..0x001b07ff
0x00239ffc,0x00314e54,1,target-outside-confirmed-code,decoded JAL word occurs in post-code data and points outside 0x00100000..0x001b07ff
0x0023e400,0x0031f1f0,1,target-outside-confirmed-code,decoded JAL word occurs in post-code data and points outside 0x00100000..0x001b07ff
0x0023ebb8,0x0030f16c,1,target-outside-confirmed-code,decoded JAL word occurs in post-code data and points outside 0x00100000..0x001b07ff
0x0023f3c8,0x003110e4,1,target-outside-confirmed-code,decoded JAL word occurs in post-code data and points outside 0x00100000..0x001b07ff
0x0023fbd0,0x003051f0,1,target-outside-confirmed-code,decoded JAL word occurs in post-code data and points outside 0x00100000..0x001b07ff
0x0023fc50,0x00316aec,1,target-outside-confirmed-code,decoded JAL word occurs in post-code data and points outside 0x00100000..0x001b07ff
0x0023fff4,0x0030add8,1,target-outside-confirmed-code,decoded JAL word occurs in post-code data and points outside 0x00100000..0x001b07ff
0x00241c10,0x002fe4dc,1,target-outside-confirmed-code,decoded JAL word occurs in post-code data and points outside 0x00100000..0x001b07ff
0x00241c14,0x002fe55c,1,target-outside-confirmed-code,decoded JAL word occurs in post-code data and points outside 0x00100000..0x001b07ff
0x00241c18,0x002f1598,1,target-outside-confirmed-code,decoded JAL word occurs in post-code data and points outside 0x00100000..0x001b07ff
0x00242018,0x00321148,1,target-outside-confirmed-code,decoded JAL word occurs in post-code data and points outside 0x00100000..0x001b07ff
0x00242424,0x00321904,1,target-outside-confirmed-code,decoded JAL word occurs in post-code data and points outside 0x00100000..0x001b07ff
0x00242434,0x00320f4c,1,target-outside-confirmed-code,decoded JAL word occurs in post-code data and points outside 0x00100000..0x001b07ff
0x00242820,0x003096a8,1,target-outside-confirmed-code,decoded JAL word occurs in post-code data and points outside 0x00100000..0x001b07ff
0x00247458,0x00312330,1,target-outside-confirmed-code,decoded JAL word occurs in post-code data and points outside 0x00100000..0x001b07ff
0x0028083c,0x002fa7c0,1,target-outside-confirmed-code,decoded JAL word occurs in post-code data and points outside 0x00100000..0x001b07ff
0x002813f0,0x00308b08,1,target-outside-confirmed-code,decoded JAL word occurs in post-code data and points outside 0x00100000..0x001b07ff
0x002813fc,0x0030ce28,1,target-outside-confirmed-code,decoded JAL word occurs in post-code data and points outside 0x00100000..0x001b07ff
0x00281408,0x002f8028,1,target-outside-confirmed-code,decoded JAL word occurs in post-code data and points outside 0x00100000..0x001b07ff
0x0028140c,0x002f2128,1,target-outside-confirmed-code,decoded JAL word occurs in post-code data and points outside 0x00100000..0x001b07ff
0x00281808,0x0030625c,1,target-outside-confirmed-code,decoded JAL word occurs in post-code data and points outside 0x00100000..0x001b07ff
0x00281810,0x002f8718,7,target-outside-confirmed-code,decoded JAL word occurs in post-code data and points outside 0x00100000..0x001b07ff
0x00281814,0x0030045c,1,target-outside-confirmed-code,decoded JAL word occurs in post-code data and points outside 0x00100000..0x001b07ff
0x00281818,0x00301388,1,target-outside-confirmed-code,decoded JAL word occurs in post-code data and points outside 0x00100000..0x001b07ff
0x00281bf8,0x0030de78,1,target-outside-confirmed-code,decoded JAL word occurs in post-code data and points outside 0x00100000..0x001b07ff
0x00281c10,0x002f8a8c,8,target-outside-confirmed-code,decoded JAL word occurs in post-code data and points outside 0x00100000..0x001b07ff
0x00281c14,0x002fe49c,1,target-outside-confirmed-code,decoded JAL word occurs in post-code data and points outside 0x00100000..0x001b07ff
0x00281c18,0x003040ac,2,target-outside-confirmed-code,decoded JAL word occurs in post-code data and points outside 0x00100000..0x001b07ff
0x00281fe4,0x00320424,1,target-outside-confirmed-code,decoded JAL word occurs in post-code data and points outside 0x00100000..0x001b07ff
0x00282010,0x002f91bc,12,target-outside-confirmed-code,decoded JAL word occurs in post-code data and points outside 0x00100000..0x001b07ff
0x00282014,0x002f8acc,9,target-outside-confirmed-code,decoded JAL word occurs in post-code data and points outside 0x00100000..0x001b07ff
0x00282018,0x002f19c8,53,target-outside-confirmed-code,decoded JAL word occurs in post-code data and points outside 0x00100000..0x001b07ff
0x0028201c,0x00301448,5,target-outside-confirmed-code,decoded JAL word occurs in post-code data and points outside 0x00100000..0x001b07ff
0x00282020,0x003016c4,6,target-outside-confirmed-code,decoded JAL word occurs in post-code data and points outside 0x00100000..0x001b07ff
0x00282028,0x002faf6c,3,target-outside-confirmed-code,decoded JAL word occurs in post-code data and points outside 0x00100000..0x001b07ff
0x00282030,0x00320c14,1,target-outside-confirmed-code,decoded JAL word occurs in post-code data and points outside 0x00100000..0x001b07ff
0x002823b0,0x00315a40,1,target-outside-confirmed-code,decoded JAL word occurs in post-code data and points outside 0x00100000..0x001b07ff
0x00282418,0x0030197c,2,target-outside-confirmed-code,decoded JAL word occurs in post-code data and points outside 0x00100000..0x001b07ff
0x0028241c,0x0030114c,1,target-outside-confirmed-code,decoded JAL word occurs in post-code data and points outside 0x00100000..0x001b07ff
0x00282420,0x002f1ba4,7,target-outside-confirmed-code,decoded JAL word occurs in post-code data and points outside 0x00100000..0x001b07ff
0x00282424,0x00304764,2,target-outside-confirmed-code,decoded JAL word occurs in post-code data and points outside 0x00100000..0x001b07ff
0x0028281c,0x002f9874,2,target-outside-confirmed-code,decoded JAL word occurs in post-code data and points outside 0x00100000..0x001b07ff
0x00282820,0x00304864,2,target-outside-confirmed-code,decoded JAL word occurs in post-code data and points outside 0x00100000..0x001b07ff
0x00282828,0x002fb0a8,2,target-outside-confirmed-code,decoded JAL word occurs in post-code data and points outside 0x00100000..0x001b07ff
0x00283000,0x0032069c,1,target-outside-confirmed-code,decoded JAL word occurs in post-code data and points outside 0x00100000..0x001b07ff
0x00283030,0x00320f5c,1,target-outside-confirmed-code,decoded JAL word occurs in post-code data and points outside 0x00100000..0x001b07ff
0x00283040,0x00306928,1,target-outside-confirmed-code,decoded JAL word occurs in post-code data and points outside 0x00100000..0x001b07ff
0x0028383c,0x00318a3c,1,target-outside-confirmed-code,decoded JAL word occurs in post-code data and points outside 0x00100000..0x001b07ff
0x00283840,0x00310758,1,target-outside-confirmed-code,decoded JAL word occurs in post-code data and points outside 0x00100000..0x001b07ff
0x0028607c,0x0031b2b8,1,target-outside-confirmed-code,decoded JAL word occurs in post-code data and points outside 0x00100000..0x001b07ff
0x00287c30,0x0031a274,1,target-outside-confirmed-code,decoded JAL word occurs in post-code data and points outside 0x00100000..0x001b07ff
0x002888c0,0x0031a014,1,target-outside-confirmed-code,decoded JAL word occurs in post-code data and points outside 0x00100000..0x001b07ff
0x002b2364,0x003194cc,1,target-outside-confirmed-code,decoded JAL word occurs in post-code data and points outside 0x00100000..0x001b07ff
0x002bcfb0,0x003194f8,1,target-outside-confirmed-code,decoded JAL word occurs in post-code data and points outside 0x00100000..0x001b07ff
0x002bdb38,0x0031a500,1,target-outside-confirmed-code,decoded JAL word occurs in post-code data and points outside 0x00100000..0x001b07ff
0x002c1bfc,0x0031bc78,1,target-outside-confirmed-code,decoded JAL word occurs in post-code data and points outside 0x00100000..0x001b07ff
0x002c2010,0x003062dc,1,target-outside-confirmed-code,decoded JAL word occurs in post-code data and points outside 0x00100000..0x001b07ff
0x002c2014,0x002fa1ec,2,target-outside-confirmed-code,decoded JAL word occurs in post-code data and points outside 0x00100000..0x001b07ff
0x002c2018,0x002f9438,5,target-outside-confirmed-code,decoded JAL word occurs in post-code data and points outside 0x00100000..0x001b07ff
0x002c201c,0x00301af8,1,target-outside-confirmed-code,decoded JAL word occurs in post-code data and points outside 0x00100000..0x001b07ff
0x002c241c,0x00302524,1,target-outside-confirmed-code,decoded JAL word occurs in post-code data and points outside 0x00100000..0x001b07ff
0x002c2420,0x00303d74,1,target-outside-confirmed-code,decoded JAL word occurs in post-code data and points outside 0x00100000..0x001b07ff
0x002c2818,0x0030412c,1,target-outside-confirmed-code,decoded JAL word occurs in post-code data and points outside 0x00100000..0x001b07ff
0x002c2820,0x00301df0,3,target-outside-confirmed-code,decoded JAL word occurs in post-code data and points outside 0x00100000..0x001b07ff
0x002c2824,0x0033baf0,8,target-outside-confirmed-code,decoded JAL word occurs in post-code data and points outside 0x00100000..0x001b07ff
0x002c2828,0x002f2094,3,target-outside-confirmed-code,decoded JAL word occurs in post-code data and points outside 0x00100000..0x001b07ff
0x002c282c,0x003051b8,1,target-outside-confirmed-code,decoded JAL word occurs in post-code data and points outside 0x00100000..0x001b07ff
0x002c2bfc,0x0031b638,1,target-outside-confirmed-code,decoded JAL word occurs in post-code data and points outside 0x00100000..0x001b07ff
0x002c2c28,0x0033befc,8,target-outside-confirmed-code,decoded JAL word occurs in post-code data and points outside 0x00100000..0x001b07ff
0x002c2c2c,0x00321fb8,1,target-outside-confirmed-code,decoded JAL word occurs in post-code data and points outside 0x00100000..0x001b07ff
0x002c3030,0x00320db8,1,target-outside-confirmed-code,decoded JAL word occurs in post-code data and points outside 0x00100000..0x001b07ff
0x002c487c,0x00309b9c,1,target-outside-confirmed-code,decoded JAL word occurs in post-code data and points outside 0x00100000..0x001b07ff
0x002c64ac,0x0031fb5c,1,target-outside-confirmed-code,decoded JAL word occurs in post-code data and points outside 0x00100000..0x001b07ff
0x002fcb78,0x0031d6b8,1,target-outside-confirmed-code,decoded JAL word occurs in post-code data and points outside 0x00100000..0x001b07ff
0x002ffbfc,0x00313918,1,target-outside-confirmed-code,decoded JAL word occurs in post-code data and points outside 0x00100000..0x001b07ff
0x00300034,0x0031fc24,1,target-outside-confirmed-code,decoded JAL word occurs in post-code data and points outside 0x00100000..0x001b07ff
0x003003fc,0x0031f650,1,target-outside-confirmed-code,decoded JAL word occurs in post-code data and points outside 0x00100000..0x001b07ff
0x00300414,0x00313b04,1,target-outside-confirmed-code,decoded JAL word occurs in post-code data and points outside 0x00100000..0x001b07ff
0x00300bd0,0x00302f74,1,target-outside-confirmed-code,decoded JAL word occurs in post-code data and points outside 0x00100000..0x001b07ff
0x00301008,0x0030d8c8,1,target-outside-confirmed-code,decoded JAL word occurs in post-code data and points outside 0x00100000..0x001b07ff
0x00301808,0x0030fa78,1,target-outside-confirmed-code,decoded JAL word occurs in post-code data and points outside 0x00100000..0x001b07ff
0x00301828,0x00313b6c,1,target-outside-confirmed-code,decoded JAL word occurs in post-code data and points outside 0x00100000..0x001b07ff
0x00301bec,0x003083f0,1,target-outside-confirmed-code,decoded JAL word occurs in post-code data and points outside 0x00100000..0x001b07ff
0x00302010,0x00305030,2,target-outside-confirmed-code,decoded JAL word occurs in post-code data and points outside 0x00100000..0x001b07ff
0x00302014,0x00320c0c,1,target-outside-confirmed-code,decoded JAL word occurs in post-code data and points outside 0x00100000..0x001b07ff
0x00302018,0x002ff380,2,target-outside-confirmed-code,decoded JAL word occurs in post-code data and points outside 0x00100000..0x001b07ff
0x0030201c,0x002f83e0,1,target-outside-confirmed-code,decoded JAL word occurs in post-code data and points outside 0x00100000..0x001b07ff
0x00302020,0x003027e4,1,target-outside-confirmed-code,decoded JAL word occurs in post-code data and points outside 0x00100000..0x001b07ff
0x00302398,0x0031f268,1,target-outside-confirmed-code,decoded JAL word occurs in post-code data and points outside 0x00100000..0x001b07ff
0x00302418,0x002fa26c,1,target-outside-confirmed-code,decoded JAL word occurs in post-code data and points outside 0x00100000..0x001b07ff
0x00302420,0x00302764,1,target-outside-confirmed-code,decoded JAL word occurs in post-code data and points outside 0x00100000..0x001b07ff
0x00302814,0x00320c7c,1,target-outside-confirmed-code,decoded JAL word occurs in post-code data and points outside 0x00100000..0x001b07ff
0x00302818,0x003028e4,2,target-outside-confirmed-code,decoded JAL word occurs in post-code data and points outside 0x00100000..0x001b07ff
0x0030281c,0x003014c8,2,target-outside-confirmed-code,decoded JAL word occurs in post-code data and points outside 0x00100000..0x001b07ff
0x00302820,0x002f78ec,8,target-outside-confirmed-code,decoded JAL word occurs in post-code data and points outside 0x00100000..0x001b07ff
0x00302824,0x002f7744,3,target-outside-confirmed-code,decoded JAL word occurs in post-code data and points outside 0x00100000..0x001b07ff
0x00302828,0x002f2780,6,target-outside-confirmed-code,decoded JAL word occurs in post-code data and points outside 0x00100000..0x001b07ff
0x0030282c,0x002facb8,1,target-outside-confirmed-code,decoded JAL word occurs in post-code data and points outside 0x00100000..0x001b07ff
0x00302830,0x00320b14,2,target-outside-confirmed-code,decoded JAL word occurs in post-code data and points outside 0x00100000..0x001b07ff
0x00302c20,0x002faeb0,3,target-outside-confirmed-code,decoded JAL word occurs in post-code data and points outside 0x00100000..0x001b07ff
0x00302c24,0x00305838,1,target-outside-confirmed-code,decoded JAL word occurs in post-code data and points outside 0x00100000..0x001b07ff
0x00302c28,0x002facf8,3,target-outside-confirmed-code,decoded JAL word occurs in post-code data and points outside 0x00100000..0x001b07ff
0x00302c2c,0x0033bf1c,9,target-outside-confirmed-code,decoded JAL word occurs in post-code data and points outside 0x00100000..0x001b07ff
0x00302c30,0x00305074,1,target-outside-confirmed-code,decoded JAL word occurs in post-code data and points outside 0x00100000..0x001b07ff
0x00303024,0x0031fd68,1,target-outside-confirmed-code,decoded JAL word occurs in post-code data and points outside 0x00100000..0x001b07ff
0x00303028,0x002fabbc,3,target-outside-confirmed-code,decoded JAL word occurs in post-code data and points outside 0x00100000..0x001b07ff
0x0030302c,0x0033cba4,1,target-outside-confirmed-code,decoded JAL word occurs in post-code data and points outside 0x00100000..0x001b07ff
0x00303030,0x001b9df8,16,target-outside-confirmed-code,decoded JAL word occurs in post-code data and points outside 0x00100000..0x001b07ff
0x003030e4,0x0031cd34,1,target-outside-confirmed-code,decoded JAL word occurs in post-code data and points outside 0x00100000..0x001b07ff
0x0030341c,0x00320b44,1,target-outside-confirmed-code,decoded JAL word occurs in post-code data and points outside 0x00100000..0x001b07ff
0x00303430,0x00309f08,1,target-outside-confirmed-code,decoded JAL word occurs in post-code data and points outside 0x00100000..0x001b07ff
0x00303448,0x0031d890,1,target-outside-confirmed-code,decoded JAL word occurs in post-code data and points outside 0x00100000..0x001b07ff
0x00303820,0x002fb4dc,1,target-outside-confirmed-code,decoded JAL word occurs in post-code data and points outside 0x00100000..0x001b07ff
0x00303838,0x002f247c,1,target-outside-confirmed-code,decoded JAL word occurs in post-code data and points outside 0x00100000..0x001b07ff
0x00304050,0x003201e8,1,target-outside-confirmed-code,decoded JAL word occurs in post-code data and points outside 0x00100000..0x001b07ff
0x00304460,0x003077d8,1,target-outside-confirmed-code,decoded JAL word occurs in post-code data and points outside 0x00100000..0x001b07ff
0x0030480c,0x0031efdc,1,target-outside-confirmed-code,decoded JAL word occurs in post-code data and points outside 0x00100000..0x001b07ff
0x00304c5c,0x00320994,1,target-outside-confirmed-code,decoded JAL word occurs in post-code data and points outside 0x00100000..0x001b07ff
0x00305060,0x0030efec,1,target-outside-confirmed-code,decoded JAL word occurs in post-code data and points outside 0x00100000..0x001b07ff
0x0030638c,0x0031e888,1,target-outside-confirmed-code,decoded JAL word occurs in post-code data and points outside 0x00100000..0x001b07ff
0x003063c0,0x0031e7a4,1,target-outside-confirmed-code,decoded JAL word occurs in post-code data and points outside 0x00100000..0x001b07ff
0x00306818,0x00315540,1,target-outside-confirmed-code,decoded JAL word occurs in post-code data and points outside 0x00100000..0x001b07ff
0x00306c30,0x0031f880,1,target-outside-confirmed-code,decoded JAL word occurs in post-code data and points outside 0x00100000..0x001b07ff
0x00307f98,0x0031f128,1,target-outside-confirmed-code,decoded JAL word occurs in post-code data and points outside 0x00100000..0x001b07ff
0x003090f8,0x0031630c,1,target-outside-confirmed-code,decoded JAL word occurs in post-code data and points outside 0x00100000..0x001b07ff
0x00339b90,0x0031f7c8,1,target-outside-confirmed-code,decoded JAL word occurs in post-code data and points outside 0x00100000..0x001b07ff
0x00339bd0,0x002faea8,1,target-outside-confirmed-code,decoded JAL word occurs in post-code data and points outside 0x00100000..0x001b07ff
0x0033b3e8,0x0031edac,1,target-outside-confirmed-code,decoded JAL word occurs in post-code data and points outside 0x00100000..0x001b07ff
0x0033c020,0x002f39ac,1,target-outside-confirmed-code,decoded JAL word occurs in post-code data and points outside 0x00100000..0x001b07ff
0x0033c414,0x002f3b20,1,target-outside-confirmed-code,decoded JAL word occurs in post-code data and points outside 0x00100000..0x001b07ff
0x0033e008,0x0031aa34,1,target-outside-confirmed-code,decoded JAL word occurs in post-code data and points outside 0x00100000..0x001b07ff
0x0033e3ac,0x0031ff5c,1,target-outside-confirmed-code,decoded JAL word occurs in post-code data and points outside 0x00100000..0x001b07ff
0x0033efcc,0x003197b0,1,target-outside-confirmed-code,decoded JAL word occurs in post-code data and points outside 0x00100000..0x001b07ff
0x0033f3ec,0x002fb41c,1,target-outside-confirmed-code,decoded JAL word occurs in post-code data and points outside 0x00100000..0x001b07ff
0x0033ffd0,0x0030e19c,1,target-outside-confirmed-code,decoded JAL word occurs in post-code data and points outside 0x00100000..0x001b07ff
0x0033fff8,0x0031d7c0,1,target-outside-confirmed-code,decoded JAL word occurs in post-code data and points outside 0x00100000..0x001b07ff
0x00341c48,0x002fa5c4,1,target-outside-confirmed-code,decoded JAL word occurs in post-code data and points outside 0x00100000..0x001b07ff
0x00342010,0x00320d20,1,target-outside-confirmed-code,decoded JAL word occurs in post-code data and points outside 0x00100000..0x001b07ff
0x00342438,0x003202b4,1,target-outside-confirmed-code,decoded JAL word occurs in post-code data and points outside 0x00100000..0x001b07ff
0x00342c24,0x003066e0,1,target-outside-confirmed-code,decoded JAL word occurs in post-code data and points outside 0x00100000..0x001b07ff
0x00343430,0x002f159c,2,target-outside-confirmed-code,decoded JAL word occurs in post-code data and points outside 0x00100000..0x001b07ff
0x00343838,0x002f2188,3,target-outside-confirmed-code,decoded JAL word occurs in post-code data and points outside 0x00100000..0x001b07ff
0x0034383c,0x003051b4,1,target-outside-confirmed-code,decoded JAL word occurs in post-code data and points outside 0x00100000..0x001b07ff
0x00343840,0x002f1cc8,1,target-outside-confirmed-code,decoded JAL word occurs in post-code data and points outside 0x00100000..0x001b07ff
0x00343844,0x0031d670,1,target-outside-confirmed-code,decoded JAL word occurs in post-code data and points outside 0x00100000..0x001b07ff
0x00343854,0x00320310,1,target-outside-confirmed-code,decoded JAL word occurs in post-code data and points outside 0x00100000..0x001b07ff
0x00344858,0x00308550,1,target-outside-confirmed-code,decoded JAL word occurs in post-code data and points outside 0x00100000..0x001b07ff
0x0034d098,0x00316f30,1,target-outside-confirmed-code,decoded JAL word occurs in post-code data and points outside 0x00100000..0x001b07ff
0x0037bfec,0x0031c22c,1,target-outside-confirmed-code,decoded JAL word occurs in post-code data and points outside 0x00100000..0x001b07ff
0x00381858,0x0031b8c0,1,target-outside-confirmed-code,decoded JAL word occurs in post-code data and points outside 0x00100000..0x001b07ff
0x00381be0,0x0031d7a0,1,target-outside-confirmed-code,decoded JAL word occurs in post-code data and points outside 0x00100000..0x001b07ff
0x00381bfc,0x0031b42c,1,target-outside-confirmed-code,decoded JAL word occurs in post-code data and points outside 0x00100000..0x001b07ff
0x00382be8,0x00319d10,1,target-outside-confirmed-code,decoded JAL word occurs in post-code data and points outside 0x00100000..0x001b07ff
0x00382bf0,0x00309c90,1,target-outside-confirmed-code,decoded JAL word occurs in post-code data and points outside 0x00100000..0x001b07ff
0x00382c18,0x00305330,1,target-outside-confirmed-code,decoded JAL word occurs in post-code data and points outside 0x00100000..0x001b07ff
0x00383020,0x002fde98,1,target-outside-confirmed-code,decoded JAL word occurs in post-code data and points outside 0x00100000..0x001b07ff
0x00383024,0x00313e70,1,target-outside-confirmed-code,decoded JAL word occurs in post-code data and points outside 0x00100000..0x001b07ff
0x00383094,0x00319400,1,target-outside-confirmed-code,decoded JAL word occurs in post-code data and points outside 0x00100000..0x001b07ff
0x00383834,0x0031d8b8,1,target-outside-confirmed-code,decoded JAL word occurs in post-code data and points outside 0x00100000..0x001b07ff
0x00383838,0x002f3704,2,target-outside-confirmed-code,decoded JAL word occurs in post-code data and points outside 0x00100000..0x001b07ff
0x00383844,0x002f269c,1,target-outside-confirmed-code,decoded JAL word occurs in post-code data and points outside 0x00100000..0x001b07ff
0x00383c58,0x0030e3b0,1,target-outside-confirmed-code,decoded JAL word occurs in post-code data and points outside 0x00100000..0x001b07ff
0x00384038,0x0030de4c,1,target-outside-confirmed-code,decoded JAL word occurs in post-code data and points outside 0x00100000..0x001b07ff
0x00384048,0x002f24a4,1,target-outside-confirmed-code,decoded JAL word occurs in post-code data and points outside 0x00100000..0x001b07ff
0x0038404c,0x002f1d88,1,target-outside-confirmed-code,decoded JAL word occurs in post-code data and points outside 0x00100000..0x001b07ff
0x00384050,0x002f1a98,2,target-outside-confirmed-code,decoded JAL word occurs in post-code data and points outside 0x00100000..0x001b07ff
0x00384428,0x00320b10,1,target-outside-confirmed-code,decoded JAL word occurs in post-code data and points outside 0x00100000..0x001b07ff
0x0038443c,0x0030a724,1,target-outside-confirmed-code,decoded JAL word occurs in post-code data and points outside 0x00100000..0x001b07ff
0x00384858,0x0030e2ac,1,target-outside-confirmed-code,decoded JAL word occurs in post-code data and points outside 0x00100000..0x001b07ff
0x00385070,0x003097ec,1,target-outside-confirmed-code,decoded JAL word occurs in post-code data and points outside 0x00100000..0x001b07ff
0x003873e0,0x00318b90,1,target-outside-confirmed-code,decoded JAL word occurs in post-code data and points outside 0x00100000..0x001b07ff
0x00389068,0x003132b0,1,target-outside-confirmed-code,decoded JAL word occurs in post-code data and points outside 0x00100000..0x001b07ff
0x003bbfdc,0x0031200c,1,target-outside-confirmed-code,decoded JAL word occurs in post-code data and points outside 0x00100000..0x001b07ff
0x003c0004,0x0031fd40,1,target-outside-confirmed-code,decoded JAL word occurs in post-code data and points outside 0x00100000..0x001b07ff
0x003c2808,0x0030c310,1,target-outside-confirmed-code,decoded JAL word occurs in post-code data and points outside 0x00100000..0x001b07ff
0x003c3030,0x003211d8,1,target-outside-confirmed-code,decoded JAL word occurs in post-code data and points outside 0x00100000..0x001b07ff
0x003c3040,0x003209f0,1,target-outside-confirmed-code,decoded JAL word occurs in post-code data and points outside 0x00100000..0x001b07ff
0x003c3350,0x003187bc,1,target-outside-confirmed-code,decoded JAL word occurs in post-code data and points outside 0x00100000..0x001b07ff
0x003c4030,0x00320dbc,1,target-outside-confirmed-code,decoded JAL word occurs in post-code data and points outside 0x00100000..0x001b07ff
0x003c4854,0x002f7148,1,target-outside-confirmed-code,decoded JAL word occurs in post-code data and points outside 0x00100000..0x001b07ff
0x003c4c60,0x003207e8,1,target-outside-confirmed-code,decoded JAL word occurs in post-code data and points outside 0x00100000..0x001b07ff
0x003c5068,0x00318d88,1,target-outside-confirmed-code,decoded JAL word occurs in post-code data and points outside 0x00100000..0x001b07ff
0x003c6088,0x00304d38,1,target-outside-confirmed-code,decoded JAL word occurs in post-code data and points outside 0x00100000..0x001b07ff
0x003ca898,0x00317880,1,target-outside-confirmed-code,decoded JAL word occurs in post-code data and points outside 0x00100000..0x001b07ff
0x003fc768,0x0031e1c0,1,target-outside-confirmed-code,decoded JAL word occurs in post-code data and points outside 0x00100000..0x001b07ff
0x003ff010,0x003127b4,1,target-outside-confirmed-code,decoded JAL word occurs in post-code data and points outside 0x00100000..0x001b07ff
0x00400800,0x0031fee4,1,target-outside-confirmed-code,decoded JAL word occurs in post-code data and points outside 0x00100000..0x001b07ff
0x0040144c,0x00320180,1,target-outside-confirmed-code,decoded JAL word occurs in post-code data and points outside 0x00100000..0x001b07ff
0x004033f8,0x003175f0,1,target-outside-confirmed-code,decoded JAL word occurs in post-code data and points outside 0x00100000..0x001b07ff
0x0040382c,0x002f5344,1,target-outside-confirmed-code,decoded JAL word occurs in post-code data and points outside 0x00100000..0x001b07ff
0x00404848,0x0030b700,2,target-outside-confirmed-code,decoded JAL word occurs in post-code data and points outside 0x00100000..0x001b07ff
0x00404c40,0x002f2e0c,1,target-outside-confirmed-code,decoded JAL word occurs in post-code data and points outside 0x00100000..0x001b07ff
0x00405038,0x0032009c,1,target-outside-confirmed-code,decoded JAL word occurs in post-code data and points outside 0x00100000..0x001b07ff
0x00405060,0x00308af8,1,target-outside-confirmed-code,decoded JAL word occurs in post-code data and points outside 0x00100000..0x001b07ff
0x00405860,0x0030b594,1,target-outside-confirmed-code,decoded JAL word occurs in post-code data and points outside 0x00100000..0x001b07ff
0x00405870,0x00307a08,1,target-outside-confirmed-code,decoded JAL word occurs in post-code data and points outside 0x00100000..0x001b07ff
0x00406068,0x0030a904,1,target-outside-confirmed-code,decoded JAL word occurs in post-code data and points outside 0x00100000..0x001b07ff
0x00406874,0x0030d5d8,1,target-outside-confirmed-code,decoded JAL word occurs in post-code data and points outside 0x00100000..0x001b07ff
0x00406c50,0x00317c64,1,target-outside-confirmed-code,decoded JAL word occurs in post-code data and points outside 0x00100000..0x001b07ff
