address,name,source,prior_status,area,confidence,first_call_site,call_count,pseudocode_lines,warning_count,warning_categories,warning_text,pseudocode_sha256,evidence
0x00100008,_start,mapped-promotion,IDENTIFIED,startup,medium,,0,124,2,stack-pointer | global-label-overlap,This function may have set the stack pointer | Globals starting with '_' overlap smaller symbols at the same address,1499957a61d2d71aac82a68f9d0dc490c168be2b840e61e873417a6192955038,"complete R5900 structural decompile; pinned warnings: stack-pointer, global-label-overlap; existing binary-derived mapped name retained"
0x001000e0,snes_p17_001000e0,untracked-code-jal,UNTRACKED,frontend-core,medium,0x0019c5bc,2,83,1,global-label-overlap,Globals starting with '_' overlap smaller symbols at the same address,7c01351def7a33d5fe5e011ddb2d533768d6bf9fffd83da741f058f08451a11b,complete R5900 structural decompile; pinned warnings: global-label-overlap; address label retained because the historical symbol is unproven
0x00100114,snes_p17_00100114,untracked-code-jal,UNTRACKED,frontend-core,medium,0x00105458,1,77,1,global-label-overlap,Globals starting with '_' overlap smaller symbols at the same address,8e42cf031476c69006c4fb8214e35da21d8c3f5d444203fe20b9cb1ce45a7443,complete R5900 structural decompile; pinned warnings: global-label-overlap; address label retained because the historical symbol is unproven
0x00102ab0,top_level_gui,mapped-promotion,IDENTIFIED,frontend,medium,0x001051f8,1,201,1,unreachable-block,"Removing unreachable block (ram,0x00102bd0)",d244b733eb25ad52b15dae2c8c2268aeb9a77e1bcd5931aec85c4edbedb304cb,complete R5900 structural decompile; pinned warnings: unreachable-block; existing binary-derived mapped name retained
0x00104f18,main,mapped-promotion,PARTIAL,frontend,medium,0x001000d8,1,226,2,unreachable-block | intentional-infinite-loop,"Removing unreachable block (ram,0x001055ec) | Do nothing block with infinite loop",a2bc5b1bf516872630110c572f0d5e7425e8becfe5103f14d2b836ca0b0905a8,"complete R5900 structural decompile; pinned warnings: unreachable-block, intentional-infinite-loop; existing binary-derived mapped name retained"
0x00105e48,snes_p17_00105e48,untracked-code-jal,UNTRACKED,frontend-core,medium,0x00152f20,1,60,1,unreachable-block,"Removing unreachable block (ram,0x00105fb0)",8fef398c7ba6c8d781712d69f4e21f71fccce73f4bc4c1d3f7d93258334f4fab,complete R5900 structural decompile; pinned warnings: unreachable-block; address label retained because the historical symbol is unproven
0x0010b8a4,snes_p17_0010b8a4,untracked-code-jal,UNTRACKED,frontend-core,medium,0x0010d070,1,59,1,global-label-overlap,Globals starting with '_' overlap smaller symbols at the same address,dd09d62333abbcf526adf41a2ed68865404680ded5b89d784b249abc4f25d904,complete R5900 structural decompile; pinned warnings: global-label-overlap; address label retained because the historical symbol is unproven
0x0010bbcc,snes_p17_0010bbcc,untracked-code-jal,UNTRACKED,frontend-core,medium,0x0010cc40,3,58,1,global-label-overlap,Globals starting with '_' overlap smaller symbols at the same address,bfa2d36ff1b20668bcea01b2e8b46f0c5f1cf11d661f5ab182cc9e587ebf8079,complete R5900 structural decompile; pinned warnings: global-label-overlap; address label retained because the historical symbol is unproven
0x0010becc,snes_p17_0010becc,untracked-code-jal,UNTRACKED,frontend-core,medium,0x0010cc98,2,48,1,global-label-overlap,Globals starting with '_' overlap smaller symbols at the same address,f5b4824c97a55609094f1fc0c3ffa24de36f3266e099811f13d1805f4595b3b8,complete R5900 structural decompile; pinned warnings: global-label-overlap; address label retained because the historical symbol is unproven
0x0010cbb0,snes_p17_0010cbb0,untracked-code-jal,UNTRACKED,frontend-core,medium,0x0010cf18,1,63,1,global-label-overlap,Globals starting with '_' overlap smaller symbols at the same address,6a964a448546bb274552f96407b0bf01e314ddba6c9d2b3b85a4fc07a22290f3,complete R5900 structural decompile; pinned warnings: global-label-overlap; address label retained because the historical symbol is unproven
0x0010cdcc,snes_p17_0010cdcc,untracked-code-jal,UNTRACKED,frontend-core,medium,0x0010d7ac,2,52,1,unreachable-block,"Removing unreachable block (ram,0x0010cf9c)",ab490c6e05cf614600c474be8007140ae4848cdeaf21832a95ee61ffdad072c2,complete R5900 structural decompile; pinned warnings: unreachable-block; address label retained because the historical symbol is unproven
0x0010cfa4,snes_p17_0010cfa4,untracked-code-jal,UNTRACKED,frontend-core,medium,0x0010d794,1,149,1,global-label-overlap,Globals starting with '_' overlap smaller symbols at the same address,bf3611de74f498c3d24e26d5ca4764300e9b4eaa3cd37b310560bcc41d6dc0e9,complete R5900 structural decompile; pinned warnings: global-label-overlap; address label retained because the historical symbol is unproven
0x0010d7dc,snes_p17_0010d7dc,untracked-code-jal,UNTRACKED,frontend-core,medium,0x001abae8,3,451,2,unreachable-block | global-label-overlap,"Removing unreachable block (ram,0x0010dd3c) | Globals starting with '_' overlap smaller symbols at the same address",70d817d156d1f1f954bb54e6e529a9de3d18d40fce54b875b0d4a40d3c2cd886,"complete R5900 structural decompile; pinned warnings: unreachable-block, global-label-overlap; address label retained because the historical symbol is unproven"
0x00115a18,snes_p17_00115a18,untracked-code-jal,UNTRACKED,snes-core-dsp,medium,0x00115bc0,2,52,1,global-label-overlap,Globals starting with '_' overlap smaller symbols at the same address,4b12488cdd770b465d463ebe455261b38afa06c3cbc295b453b55ef5d76db236,complete R5900 structural decompile; pinned warnings: global-label-overlap; address label retained because the historical symbol is unproven
0x00129420,snes_p17_00129420,untracked-code-jal,UNTRACKED,snes-core-dsp,medium,0x001167bc,15,64,1,global-label-overlap,Globals starting with '_' overlap smaller symbols at the same address,b062027c33b553d9dc62eac08d295f7458549bf1c7e98003f9edb10dfc0ac37a,complete R5900 structural decompile; pinned warnings: global-label-overlap; address label retained because the historical symbol is unproven
0x001296c4,snes_p17_001296c4,untracked-code-jal,UNTRACKED,snes-core-dsp,medium,0x00122ffc,15,63,1,global-label-overlap,Globals starting with '_' overlap smaller symbols at the same address,42a0da83b7aa2509b517af759c76e6a65abbc683d94f5b94f42ecb63de8f7233,complete R5900 structural decompile; pinned warnings: global-label-overlap; address label retained because the historical symbol is unproven
0x0012993c,snes_p17_0012993c,untracked-code-jal,UNTRACKED,snes-core-dsp,medium,0x00122fb4,15,44,1,global-label-overlap,Globals starting with '_' overlap smaller symbols at the same address,417f5cc65af2b908c742d15bcee9abc8c0145587849ec6f33b04eb09593a5f9b,complete R5900 structural decompile; pinned warnings: global-label-overlap; address label retained because the historical symbol is unproven
0x00129af4,snes_p17_00129af4,untracked-code-jal,UNTRACKED,snes-core-dsp,medium,0x0015b3c4,8,716,1,global-label-overlap,Globals starting with '_' overlap smaller symbols at the same address,8c41c19c41c25bfd8f3264e447728b54841938bb5dd3425f77dab201dd9445a0,complete R5900 structural decompile; pinned warnings: global-label-overlap; address label retained because the historical symbol is unproven
0x0012a400,ppu_vram_cache_invalidate,mapped-promotion,IDENTIFIED,ppu,medium-high,,0,118,0,,,62265313b489d707be35c20b18e8f8c4beb511c53744f235464286b2bf9c74c6,complete R5900 structural decompile; existing binary-derived mapped name retained
0x0012c558,snes_p17_0012c558,untracked-code-jal,UNTRACKED,snes-core-dsp,medium,0x0012f0c8,1,123,1,global-label-overlap,Globals starting with '_' overlap smaller symbols at the same address,e0d24a4b7b7fd5d9f4c5307e0daa30b1c505d1484833bcce0aed246068570f2b,complete R5900 structural decompile; pinned warnings: global-label-overlap; address label retained because the historical symbol is unproven
0x0012ce18,snes_p17_0012ce18,untracked-code-jal,UNTRACKED,snes-core-dsp,medium,0x0012f420,2,75,1,global-label-overlap,Globals starting with '_' overlap smaller symbols at the same address,380b26efe121514c1751fe70b3b2da998579e4467656458bee93a2a14be16d9e,complete R5900 structural decompile; pinned warnings: global-label-overlap; address label retained because the historical symbol is unproven
0x0012d05c,snes_p17_0012d05c,untracked-code-jal,UNTRACKED,snes-core-dsp,medium,0x0012f334,1,68,1,global-label-overlap,Globals starting with '_' overlap smaller symbols at the same address,d358c30b48423f17fc825f73f012bb32cb5db06eb4cc1baaee97d4188e48fb28,complete R5900 structural decompile; pinned warnings: global-label-overlap; address label retained because the historical symbol is unproven
0x0012dc1c,snes_p17_0012dc1c,untracked-code-jal,UNTRACKED,snes-core-dsp,medium,0x0012f244,1,54,1,global-label-overlap,Globals starting with '_' overlap smaller symbols at the same address,746b04796efba99b7449c66f6d11f9a5bb811f016ff477959d83c41d72ca31ff,complete R5900 structural decompile; pinned warnings: global-label-overlap; address label retained because the historical symbol is unproven
0x0012e0cc,snes_p17_0012e0cc,untracked-code-jal,UNTRACKED,snes-core-dsp,medium,0x0012f580,1,47,1,global-label-overlap,Globals starting with '_' overlap smaller symbols at the same address,31386dc5efaf3fe07b9b2ae82b07346eebc0344434833f0c894c95452a88e356,complete R5900 structural decompile; pinned warnings: global-label-overlap; address label retained because the historical symbol is unproven
0x0012fef0,snes_p17_0012fef0,untracked-code-jal,UNTRACKED,snes-core-dsp,medium,0x001308ac,3,71,1,global-label-overlap,Globals starting with '_' overlap smaller symbols at the same address,ca80b7da8dd17113042d3a98d941b35a5b3d3edc2d02a97be6b055adcedfa3ba,complete R5900 structural decompile; pinned warnings: global-label-overlap; address label retained because the historical symbol is unproven
0x00143390,RenderLine,untracked-code-jal,UNTRACKED,renderer,medium,0x00116620,1,59,1,global-label-overlap,Globals starting with '_' overlap smaller symbols at the same address,581c304bc3963c57ae77d1723ce834f4c65c6890d8b57253cb243410e81045d4,complete R5900 structural decompile; pinned warnings: global-label-overlap; name validated against Snes9x 1.41 source order and target behavior
0x001434ac,S9xEndScreenRefresh,untracked-code-jal,UNTRACKED,renderer,medium,0x00116668,1,53,1,global-label-overlap,Globals starting with '_' overlap smaller symbols at the same address,55a30dbe2feb7e03b1f91671f09c376a46f4003f8a029dbe7ee780188cbeaa98,complete R5900 structural decompile; pinned warnings: global-label-overlap; name validated against Snes9x 1.41 source order and target behavior
0x00145240,renderer_cache_select,mapped-promotion,IDENTIFIED,renderer,medium-high,,0,248,0,,,75ed1ce50e998b7ead6436d71c2e306f191be218101d443c1c12be64e87040de,complete R5900 structural decompile; existing binary-derived mapped name retained
0x00146720,DrawBGMode7Background16Add,untracked-code-jal,UNTRACKED,renderer,medium,0x0014e68c,1,211,1,global-label-overlap,Globals starting with '_' overlap smaller symbols at the same address,1329e86a890b4dfb8f8787a560735df9e39c6619347365ae6ef9a468f335f1c8,complete R5900 structural decompile; pinned warnings: global-label-overlap; name validated against Snes9x 1.41 source order and target behavior
0x00146e6c,DrawBGMode7Background16Add1_2,untracked-code-jal,UNTRACKED,renderer,medium,0x0014e660,1,204,1,global-label-overlap,Globals starting with '_' overlap smaller symbols at the same address,b175088f1e3d86a390cb6370221166e077ccb86cb2e8a21f3c7e89998ad70da4,complete R5900 structural decompile; pinned warnings: global-label-overlap; name validated against Snes9x 1.41 source order and target behavior
0x00147578,DrawBGMode7Background16Sub,untracked-code-jal,UNTRACKED,renderer,medium,0x0014e62c,1,208,1,global-label-overlap,Globals starting with '_' overlap smaller symbols at the same address,b2a089c2354ca2da757542036c51ab9f3069f8fdb9f5bc4dfaadc191c93ca997,complete R5900 structural decompile; pinned warnings: global-label-overlap; name validated against Snes9x 1.41 source order and target behavior
0x00147c68,DrawBGMode7Background16Sub1_2,untracked-code-jal,UNTRACKED,renderer,medium,0x0014e600,1,208,1,global-label-overlap,Globals starting with '_' overlap smaller symbols at the same address,56c57c7a45af8a986592cfb3f6949733c4ec79bd5315adea099239f70c60acc9,complete R5900 structural decompile; pinned warnings: global-label-overlap; name validated against Snes9x 1.41 source order and target behavior
0x001493a8,DrawBGMode7Background16Add_i,untracked-code-jal,UNTRACKED,renderer,medium,0x0014e69c,1,568,1,global-label-overlap,Globals starting with '_' overlap smaller symbols at the same address,22c84a8f95a9a4a9af9ba81e8af4e1a626f0090add6b9cfaeeaa068e7045679c,complete R5900 structural decompile; pinned warnings: global-label-overlap; name validated against Snes9x 1.41 source order and target behavior
0x0014a784,DrawBGMode7Background16Add1_2_i,untracked-code-jal,UNTRACKED,renderer,medium,0x0014e670,1,553,1,global-label-overlap,Globals starting with '_' overlap smaller symbols at the same address,527f79286a706ffb4ff201d1e81957f654a4fb222821b2ba7919d149a4288301,complete R5900 structural decompile; pinned warnings: global-label-overlap; name validated against Snes9x 1.41 source order and target behavior
0x0014babc,DrawBGMode7Background16Sub_i,untracked-code-jal,UNTRACKED,renderer,medium,0x0014e63c,1,556,1,global-label-overlap,Globals starting with '_' overlap smaller symbols at the same address,5703a882b075cf0d2be00b1085d9e8fa49573b7781d9609db46ffb17939ec12f,complete R5900 structural decompile; pinned warnings: global-label-overlap; name validated against Snes9x 1.41 source order and target behavior
0x0014ce24,DrawBGMode7Background16Sub1_2_i,untracked-code-jal,UNTRACKED,renderer,medium,0x0014e610,1,549,1,global-label-overlap,Globals starting with '_' overlap smaller symbols at the same address,37344ef3ca6309abd352a9554df5d0a1df2db4ab4b57faa2ee27bed5eafd2b7c,complete R5900 structural decompile; pinned warnings: global-label-overlap; name validated against Snes9x 1.41 source order and target behavior
0x0014ec54,S9xUpdateScreen,untracked-code-jal,UNTRACKED,renderer,medium,0x00129bf4,36,768,1,global-label-overlap,Globals starting with '_' overlap smaller symbols at the same address,157d96d0a0777c217c237351be6eb67e7d3cac8bd1b14e6efec04c11876c4dec,complete R5900 structural decompile; pinned warnings: global-label-overlap; name validated against Snes9x 1.41 source order and target behavior
0x0015068c,snes_p17_0015068c,untracked-code-jal,UNTRACKED,renderer,medium,0x001514c0,1,158,1,nonreturn-annotation,Subroutine does not return,75fbec85f196048af0c29d69db8623db5e0cbc55e7dbac104b60e9ae092f3e4c,complete R5900 structural decompile; pinned warnings: nonreturn-annotation; address label retained because the historical symbol is unproven
0x001513bc,CMemory_LoadROM,mapped-promotion,IDENTIFIED,memory,medium-high,0x00105364,1,453,0,,,e2d693155d9bad1c87e5136a6e6e3be1a6d596e92d7230c9ad13839e1c7291ef,complete R5900 structural decompile; existing binary-derived mapped name retained
0x00156a04,snes_p17_00156a04,untracked-code-jal,UNTRACKED,memory-ppu,medium,0x00152a88,1,49,1,unreachable-block,"Removing unreachable block (ram,0x00156a68)",780fac94cf22fdf956b0db14f49697f157bbc95fdcf8bd7f1c4d95eb9e58885a,complete R5900 structural decompile; pinned warnings: unreachable-block; address label retained because the historical symbol is unproven
0x0015ad6c,snes_p17_0015ad6c,untracked-code-jal,UNTRACKED,memory-ppu,medium,0x00172a90,6,550,1,global-label-overlap,Globals starting with '_' overlap smaller symbols at the same address,666eaf11172ad168877e3cf603e60ad945c01f1c1a35a1a66c96ab8ebf48c955,complete R5900 structural decompile; pinned warnings: global-label-overlap; address label retained because the historical symbol is unproven
0x0016f2dc,snes_p17_0016f2dc,untracked-code-jal,UNTRACKED,cpu-audio-runtime,medium,0x0015f23c,15,64,1,global-label-overlap,Globals starting with '_' overlap smaller symbols at the same address,cfc21815e8a4ac3a6a8c19c4c97adc74279cf419c66909ca3915202018e8aef3,complete R5900 structural decompile; pinned warnings: global-label-overlap; address label retained because the historical symbol is unproven
0x0016f580,snes_p17_0016f580,untracked-code-jal,UNTRACKED,cpu-audio-runtime,medium,0x0016a1a8,15,63,1,global-label-overlap,Globals starting with '_' overlap smaller symbols at the same address,e8efea94bf65ded3e7a467e756aefcc475a7e4bcba0fa1184e1bf8f52dce7a0b,complete R5900 structural decompile; pinned warnings: global-label-overlap; address label retained because the historical symbol is unproven
0x0016f7f8,snes_p17_0016f7f8,untracked-code-jal,UNTRACKED,cpu-audio-runtime,medium,0x0016a164,15,44,1,global-label-overlap,Globals starting with '_' overlap smaller symbols at the same address,3091e21c2d94dc16965367ce49f076c2c905f573e8af348e36de90d36ae6b717,complete R5900 structural decompile; pinned warnings: global-label-overlap; address label retained because the historical symbol is unproven
0x00170398,snapshot_Freeze,untracked-code-jal,UNTRACKED,cpu-audio-runtime,medium,0x00170258,1,435,4,unreachable-block | global-label-overlap,"Removing unreachable block (ram,0x00170ca8) | Removing unreachable block (ram,0x00170cac) | Removing unreachable block (ram,0x00170d04) | Globals starting with '_' overlap smaller symbols at the same address",3e78053a892fcc27ded835256faf86382896d9d804dbc764c069ec55986813bc,"complete R5900 structural decompile; pinned warnings: unreachable-block, global-label-overlap; name validated against Snes9x 1.41 source order and target behavior"
0x001728d4,snapshot_Unfreeze,untracked-code-jal,UNTRACKED,cpu-audio-runtime,medium-low,0x0017127c,1,691,1,type-propagation,Type propagation algorithm not settling,ee9e4c43aa5102b908c3fa4a264eb14454e07bc7c36b45462e6d3ff3d145fe54,complete R5900 structural decompile; pinned warnings: type-propagation; name validated against Snes9x 1.41 source order and target behavior
0x00174fe4,snes_p17_00174fe4,untracked-code-jal,UNTRACKED,cpu-audio-runtime,medium,0x00175670,4,180,1,unreachable-block,"Removing unreachable block (ram,0x00175138)",7bc94fdf40aa5f939023528f0f854e55e167e07ccee4ad6ae09fe31d5455ed9f,complete R5900 structural decompile; pinned warnings: unreachable-block; address label retained because the historical symbol is unproven
0x00175300,snes_p17_00175300,untracked-code-jal,UNTRACKED,cpu-audio-runtime,medium,0x00177a4c,1,449,1,unreachable-block,"Removing unreachable block (ram,0x00175ca0)",3c643d52b30ce2b855bc4aef79ecc7e4d2cab92d22ccc61b03fe6e8529961757,complete R5900 structural decompile; pinned warnings: unreachable-block; address label retained because the historical symbol is unproven
0x001806a4,snes_p17_001806a4,untracked-code-jal,UNTRACKED,cpu-audio-runtime,medium,0x001567f8,1,103,1,global-label-overlap,Globals starting with '_' overlap smaller symbols at the same address,9c45545b690b9cf9e6e879fa0d6aae65aca4b0318e653dc4f39f55656219c19a,complete R5900 structural decompile; pinned warnings: global-label-overlap; address label retained because the historical symbol is unproven
0x001813f0,snes_p17_001813f0,untracked-code-jal,UNTRACKED,cpu-audio-runtime,medium,0x0015c114,4,307,1,global-label-overlap,Globals starting with '_' overlap smaller symbols at the same address,8cb359e63be0f7d8e7c17f59bb6c3235dceb26707bf7de6d1eb0a78dc86b9b8f,complete R5900 structural decompile; pinned warnings: global-label-overlap; address label retained because the historical symbol is unproven
0x00181bac,snes_p17_00181bac,untracked-code-jal,UNTRACKED,cpu-audio-runtime,medium,0x0015bbf4,1,362,1,global-label-overlap,Globals starting with '_' overlap smaller symbols at the same address,56f6e38a33c6abadf256d5c6bb7e815da0e4bde8fe34d3668852d8d56963eeff,complete R5900 structural decompile; pinned warnings: global-label-overlap; address label retained because the historical symbol is unproven
0x00182638,snes_p17_00182638,untracked-code-jal,UNTRACKED,cpu-audio-runtime,medium,0x00171370,10,87,2,unreachable-block | global-label-overlap,"Removing unreachable block (ram,0x00182844) | Globals starting with '_' overlap smaller symbols at the same address",0f2ce2c9c0340736b38ec11127235934f0edc51dacb56d33c98b86d3ea266abe,"complete R5900 structural decompile; pinned warnings: unreachable-block, global-label-overlap; address label retained because the historical symbol is unproven"
0x001837cc,snes_p17_001837cc,untracked-code-jal,UNTRACKED,cpu-audio-runtime,medium,0x00183c40,3,86,2,unreachable-block,"Removing unreachable block (ram,0x001839c8) | Removing unreachable block (ram,0x00183a3c)",ded9ad8842e919f067ab34eead2aabe0cd8c4d563c3e251896a5339926bf528a,complete R5900 structural decompile; pinned warnings: unreachable-block; address label retained because the historical symbol is unproven
0x0018f408,unzOpen,mapped-promotion,IDENTIFIED,unzip,medium-high,0x001506c4,1,105,0,,,ad3dce85cb4038045e58c661244533775113f1150969754a01b462dd107e08a4,complete R5900 structural decompile; existing binary-derived mapped name retained
0x0018f6cc,unzlocal_GetCurrentFileInfoInternal,mapped-promotion,IDENTIFIED,unzip,medium-high,0x0018fad8,3,218,0,,,a2bae5edf1fc1a13883fe6f438e407478667cb052bcd373872492a6b21f0605d,complete R5900 structural decompile; existing binary-derived mapped name retained
0x0018fcec,unzlocal_CheckCurrentFileCoherencyHeader,mapped-promotion,IDENTIFIED,unzip,medium-high,0x0018ffac,1,137,0,,,9d93bc0396bc502288faa93d527922e078ee17ddd84714a195dde593e7b2eeb8,complete R5900 structural decompile; existing binary-derived mapped name retained
0x0018ff6c,unzOpenCurrentFile,mapped-promotion,IDENTIFIED,unzip,medium-high,0x001507c4,2,77,0,,,f224bc58cc14389ea6374b040e6f4585b0e55809fa5b7bd7441ba6cd7016d285,complete R5900 structural decompile; existing binary-derived mapped name retained
0x001900d4,unzReadCurrentFile,mapped-promotion,IDENTIFIED,unzip,medium-high,0x00150804,1,141,0,,,45c7b904574365e58199b9573a84714e529e5254e1bdbd4bd19f9c1f524fd89e,complete R5900 structural decompile; existing binary-derived mapped name retained
0x001a4108,extract_cie_info,mapped-promotion,IDENTIFIED,unwind,medium-high,0x001a4df8,1,78,0,,,8edd6d2933a40aebc1d10bbc5d8e6cac02a129cc8dbbb5329acd650a2032363b,complete R5900 structural decompile; existing binary-derived mapped name retained
0x001a42b8,execute_stack_op,mapped-promotion,IDENTIFIED,unwind,medium,0x001a508c,2,431,1,nonreturn-annotation,Subroutine does not return,e0219b8a9a2a7240f5bcda238d63d851c935c72baa77083f2775b56d880e6d70,complete R5900 structural decompile; pinned warnings: nonreturn-annotation; existing binary-derived mapped name retained
0x001a4848,execute_cfa_program,mapped-promotion,IDENTIFIED,unwind,medium,0x001a4e28,2,251,1,nonreturn-annotation,Subroutine does not return,c422ece26530a113b4545e8feff08fbe3633c8439cf7aca9ea7aa95092bc76d5,complete R5900 structural decompile; pinned warnings: nonreturn-annotation; existing binary-derived mapped name retained
0x001a4ef0,__frame_state_for,mapped-promotion,IDENTIFIED,unwind,medium-high,,0,63,0,,,7eef5beeba857e02402a5e42e1f592f526ee4d70caebe8884ab5f35a9df0210c,complete R5900 structural decompile; existing binary-derived mapped name retained
0x001a4fe0,snes_p17_001a4fe0,untracked-code-jal,UNTRACKED,gcc-runtime,medium,0x001a51e4,2,75,1,nonreturn-annotation,Subroutine does not return,220b8d7060cd50298be10441b4977862dc45ebfb0df551cd44806dcd7d19f8b1,complete R5900 structural decompile; pinned warnings: nonreturn-annotation; address label retained because the historical symbol is unproven
0x001a55a8,_Unwind_RaiseException,mapped-promotion,IDENTIFIED,unwind,medium-high,0x001a9e28,2,81,0,,,a1a05114d1a5e19d55845c88d9e4a063c79973c6ddf2e34ec5411b8ece54cdde,complete R5900 structural decompile; existing binary-derived mapped name retained
0x001a5918,_Unwind_ForcedUnwind,mapped-promotion,IDENTIFIED,unwind,medium-high,,0,50,0,,,0167ff77782f3378d5d656450024a69490f6b02d4da38613e95d776db64cf0a4,complete R5900 structural decompile; existing binary-derived mapped name retained
0x001a5ac0,_Unwind_Resume,mapped-promotion,IDENTIFIED,unwind,medium,0x001005a8,9,52,1,nonreturn-annotation,Subroutine does not return,eca5a3d3a15c0fcea196bb5bdcecce83ffd2d1772446f7289333043f81b57460,complete R5900 structural decompile; pinned warnings: nonreturn-annotation; existing binary-derived mapped name retained
0x001a6f30,_Unwind_Find_FDE,mapped-promotion,IDENTIFIED,unwind-fde,medium-high,0x001a4dc8,1,72,0,,,3669b9ccf33da2ecccf437f84d44c1b3b36261ee1a3f967fe0f85bb496c697e8,complete R5900 structural decompile; existing binary-derived mapped name retained
0x001a70c0,snes_p17_001a70c0,untracked-code-jal,UNTRACKED,gcc-runtime,medium,0x001a6f10,1,157,1,nonreturn-annotation,Subroutine does not return,9653c5ef146440d6b840a86f3aaa111a5fd6cb7f1c7271ba093b48049e5ef705,complete R5900 structural decompile; pinned warnings: nonreturn-annotation; address label retained because the historical symbol is unproven
0x001a9728,__gxx_personality_v0,mapped-promotion,IDENTIFIED,cpp-eh,medium,,0,174,1,nonreturn-annotation,Subroutine does not return,36953ecd2fd1758449b95af979a6acfb932c532ae8bd7c5271755a96e2293a0c,complete R5900 structural decompile; pinned warnings: nonreturn-annotation; existing binary-derived mapped name retained
0x001a9b88,__cxa_call_unexpected,mapped-promotion,IDENTIFIED,cpp-eh,medium,0x001a9f5c,2,43,1,nonreturn-annotation,Subroutine does not return,e78c6e6bcc86c3bdbba2d97d2c09e964294ad8179f8441352ff6fbeff01b427a,complete R5900 structural decompile; pinned warnings: nonreturn-annotation; existing binary-derived mapped name retained
0x001aa400,vmi_class_type_info_do_find_public_src,mapped-promotion,IDENTIFIED,cpp-rtti,medium-high,,0,41,0,,,98d6357eff3071f6413d728486fa525f584ad37193f416a72e1f8148eba16b56,complete R5900 structural decompile; existing binary-derived mapped name retained
0x001aa638,vmi_class_type_info_do_dyncast,mapped-promotion,IDENTIFIED,cpp-rtti,medium-high,,0,234,0,,,f5308c9e4b84c9b5ff62a265efeedf3e232c7684cc62712e3fe05255f9b1bb8f,complete R5900 structural decompile; existing binary-derived mapped name retained
0x001aabd8,vmi_class_type_info_do_upcast,mapped-promotion,IDENTIFIED,cpp-rtti,medium-high,,0,129,0,,,f6a47fabb1d3bf42573529464d6ffef462978f899d3a81020cbaceca7e5769ce,complete R5900 structural decompile; existing binary-derived mapped name retained
0x001aae70,__dynamic_cast,mapped-promotion,IDENTIFIED,cpp-rtti,medium-high,,0,47,0,,,1a7fe1f9a097d7001c36a80d5db7e70a3e0adfa426a20efc9f497f007104ea51,complete R5900 structural decompile; existing binary-derived mapped name retained
