pc,register,string_address,instruction,string
0x0010084c,$a1,0x001b0880,move,%02d/%02d
0x00100f44,$t3,0x001b0890,addiu,Use the DPad to centre the screen
0x001012c4,$t3,0x001b08d8,lui,Not enough space on
0x001013c4,$t3,0x001b0910,lui,No Save State
0x001014ac,$t3,0x001b0930,lui,Not enough space on
0x00101594,$t3,0x001b0968,lui,No SRAM Save
0x001016a0,$t3,0x001b09a0,lui,Continue
0x001016e0,$t3,0x001b09b0,lui,Save Game State
0x00101728,$t3,0x001b09c0,lui,Load Game State
0x00101780,$t3,0x001b09d0,lui,Save Game SRAM
0x001017bc,$t3,0x001b09e0,lui,Load Game SRAM
0x001017e4,$t3,0x001b09f0,lui,Calibrate Screen
0x001019f0,$t3,0x001b0a08,lw,Quit
0x00102b48,$t3,0x001b0a58,addiu,Please Change CD
0x00102c18,$t3,0x001b0a78,lui,Don't screw with my code  !
0x00102d30,$t3,0x001b0ac0,sll,Press Triangle for Options
0x001031f4,$a0,0x001b0b18,mfc1,Exited nested gui loop
0x00103270,$a0,0x001b0b38,mfc1,"Exited top level gui loop, since selected a file"
0x00103290,$a0,0x001b0b70,lw,Got full rom pathname
0x001032e0,$a0,0x001b0b88,addiu,Free'd the tocEntryList
0x00103440,$t3,0x001b0bc0,lui,Sound On/Off:
0x00103544,$t3,0x001b0be0,lui,Sound Mono/Stereo:
0x00103570,$t3,0x001b0c00,addiu,Mono
0x001035b8,$t3,0x001b0c08,lui,Sound Frequency:
0x001035e4,$t3,0x001b0c20,lui,24KHz
0x00103610,$t3,0x001b0c30,lui,12KHz
0x0010363c,$t3,0x001b0c38,addiu,Unknown
0x001036b0,$t3,0x001b0c40,lui,Alt Sound Decode:
0x001036ec,$t3,0x001b0c58,lui,Display Framerate:
0x00103760,$t3,0x001b0c80,lui,Display Mode:
0x001037c8,$t3,0x001b0ca0,addiu,AUTO
0x00103810,$t3,0x001b0ca8,lui,Calibrate Screen
0x00103840,$t3,0x001b0cc0,lui,MC Saves Manager
0x00103878,$t3,0x001b0cd8,lui,SNES Shoulders:
0x001038a4,$t3,0x001b0cf0,addiu,L2 & R2
0x001038f8,$t3,0x001b0cf8,lui,In-Game Menu:
0x00103924,$t3,0x001b0d10,addiu,L1 + R1
0x00103c00,$t3,0x001b0d18,move,Exit
0x00103cc0,$a1,0x001b0d78,addu,.ZIP .SMC .SFC .SWC .FIG .058 .BIN
0x00103cf8,$a1,0x001b0d78,move,.ZIP .SMC .SFC .SWC .FIG .058 .BIN
0x00103cfc,$a1,0x001b0d78,move,.ZIP .SMC .SFC .SWC .FIG .058 .BIN
0x00103d10,$a1,0x001b0d78,move,.ZIP .SMC .SFC .SWC .FIG .058 .BIN
0x00103d14,$s2,0x001b0d78,sb,.ZIP .SMC .SFC .SWC .FIG .058 .BIN
0x00103d2c,$a0,0x001b0d78,move,.ZIP .SMC .SFC .SWC .FIG .058 .BIN
0x00103d2c,$s2,0x001b0d78,move,.ZIP .SMC .SFC .SWC .FIG .058 .BIN
0x00103d30,$a0,0x001b0d78,move,.ZIP .SMC .SFC .SWC .FIG .058 .BIN
0x00103d30,$s2,0x001b0d78,move,.ZIP .SMC .SFC .SWC .FIG .058 .BIN
0x00103d48,$a0,0x001b0d78,move,.ZIP .SMC .SFC .SWC .FIG .058 .BIN
0x00103d48,$s2,0x001b0d78,move,.ZIP .SMC .SFC .SWC .FIG .058 .BIN
0x00103d64,$s2,0x001b0d78,ld,.ZIP .SMC .SFC .SWC .FIG .058 .BIN
0x00103d8c,$a0,0x001b0d78,move,.ZIP .SMC .SFC .SWC .FIG .058 .BIN
0x00103e58,$a1,0x001b0da0,move,cdfs:%s/%s
0x0010441c,$a1,0x001b0df8,move,DEFAULT
0x00104424,$a1,0x001b0df8,lui,DEFAULT
0x00104440,$v0,0x001b0df8,move,DEFAULT
0x0010445c,$a1,0x001b0e00,lw,[%s]
0x00104468,$v0,0x001b0df8,slti,DEFAULT
0x0010467c,$a2,0x001b0df8,move,DEFAULT
0x00104680,$a2,0x001b0df8,move,DEFAULT
0x00104690,$a1,0x001b0e00,lw,[%s]
0x00104730,$s2,0x001b0df8,ld,DEFAULT
0x001047d4,$a1,0x001b0e00,lw,[%s]
0x00104f6c,$a0,0x001b0e38,move,rom0:UDNL rom0:EELOADCNF
0x00104f94,$a0,0x001b0e58,lui,rom0:XSIO2MAN
0x00104fa8,$a0,0x001b0e68,lui,rom0:XPADMAN
0x00104fbc,$a0,0x001b0e78,lui,rom0:XMTAPMAN
0x00104fd0,$a0,0x001b0e88,lui,rom0:XMCMAN
0x00104fe8,$a0,0x001b0e98,addiu,rom0:XMCSERV
0x0010500c,$a0,0x001b0ea8,lui,rom0:LIBSD
0x001051ac,$a2,0x001b0ec0,move,/SNES_EMU/snes.opt
0x00105230,$a0,0x001b0ed8,addiu,Returned from GUI
0x00105360,$a0,0x001b0ef0,move,Failed to Init Memory & APU
0x0010559c,$a3,0x001b0f20,sb,Snes9x
0x001055a0,$a1,0x001b0f10,lbu,"""%s"" %s: %s"
0x001055b0,$a3,0x001b0f20,sb,Snes9x
0x0010562c,$a3,0x001b0f20,addiu,Snes9x
0x00105670,$a0,0x001b0f30,move,Memory.LoadROM returned FALSE
0x0010569c,$a0,0x001b0f50,move,Failed to initialise memcard !
0x001056a4,$a0,0x001b0f50,move,Failed to initialise memcard !
0x001056ac,$s0,0x001b0f50,move,Failed to initialise memcard !
0x001056e8,$s0,0x001b0f50,sd,Failed to initialise memcard !
0x001056f0,$s0,0x001b0f50,lui,Failed to initialise memcard !
0x00105700,$a0,0x001b0f50,move,Failed to initialise memcard !
0x0010571c,$a1,0x001b0f70,lui,cdrom0:\ROMS
0x00105754,$t0,0x001b0f28,lui,1.41
0x00105764,$a1,0x001b0f80,lui,cdrom0:\ROMS\SNAP
0x001057b8,$v1,0x001b0f98,lhu,mc0:SNES_EMU/
0x001057c0,$v1,0x001b0f98,lw,mc0:SNES_EMU/
0x00105808,$a1,0x001b0fa8,lui,.SRM
0x001058b4,$v1,0x001b0f98,ori,mc0:SNES_EMU/
0x001058bc,$a1,0x001b0fb0,lui,mc0:SNES_EMU/%s.%03d
0x00105ec4,$a1,0x001b0fd0,lui,Star Ocean
0x00105ee4,$a1,0x001b0ff0,move,\socnsdd1
0x00105f04,$a1,0x001b1000,move,\SDD1GFX.IDX
0x00105f18,$a1,0x001b1010,addiu,\SDD1GFX.DAT
0x00106148,$a1,0x001b1020,move,mc0:SNES_EMU/SNES.INI
0x00106148,$s0,0x001b1038,move,SOUND SETTINGS
0x00106160,$a2,0x001b1048,lui,ENABLE
0x00106168,$a1,0x001b1038,move,SOUND SETTINGS
0x00106168,$s0,0x001b1038,move,SOUND SETTINGS
0x00106184,$a2,0x001b1050,lui,STEREO
0x0010618c,$a1,0x001b1038,move,SOUND SETTINGS
0x0010618c,$s0,0x001b1038,move,SOUND SETTINGS
0x001061a8,$a2,0x001b1058,lui,RATE
0x001061ac,$a1,0x001b1038,move,SOUND SETTINGS
0x001061ac,$s0,0x001b1038,move,SOUND SETTINGS
0x001061cc,$a1,0x001b1038,lui,SOUND SETTINGS
0x001061d0,$a2,0x001b1060,lui,ALT DECODE
0x001061f4,$a2,0x001b1080,lui,SHOULDERS
0x001061f8,$s0,0x001b1038,addiu,SOUND SETTINGS
0x00106204,$a1,0x001b1070,move,PAD SETTINGS
0x00106204,$s0,0x001b1090,move,DISPLAY SETTINGS
0x00106218,$a2,0x001b10a8,lui,SHOW FRAMERATE
0x00106220,$a1,0x001b1090,move,DISPLAY SETTINGS
0x00106220,$s0,0x001b1090,move,DISPLAY SETTINGS
0x00106238,$a2,0x001b10b8,lui,SCREEN MODE
0x00106240,$a1,0x001b1090,move,DISPLAY SETTINGS
0x00106240,$s0,0x001b1090,move,DISPLAY SETTINGS
0x00106258,$a2,0x001b10c8,lui,GUI_X_POS
0x00106260,$a1,0x001b1090,move,DISPLAY SETTINGS
0x00106260,$s0,0x001b1090,move,DISPLAY SETTINGS
0x00106278,$a2,0x001b10d8,lui,GUI_Y_POS
0x00106280,$a1,0x001b1090,move,DISPLAY SETTINGS
0x00106280,$s0,0x001b1090,move,DISPLAY SETTINGS
0x00106298,$a2,0x001b10e8,lui,PAL_X_POS
0x001062a0,$a1,0x001b1090,move,DISPLAY SETTINGS
0x001062a0,$s0,0x001b1090,move,DISPLAY SETTINGS
0x001062b8,$a2,0x001b10f8,lui,PAL_Y_POS
0x001062c0,$a1,0x001b1090,move,DISPLAY SETTINGS
0x001062c0,$s0,0x001b1090,move,DISPLAY SETTINGS
0x001062d8,$a2,0x001b1108,lui,NTSC_X_POS
0x001062dc,$a1,0x001b1090,move,DISPLAY SETTINGS
0x001062dc,$s0,0x001b1090,move,DISPLAY SETTINGS
0x001062f8,$a1,0x001b1090,move,DISPLAY SETTINGS
0x00106300,$a2,0x001b1118,addiu,NTSC_Y_POS
0x001064ac,$s0,0x001b1090,move,DISPLAY SETTINGS
0x00106528,$a0,0x001b1020,move,mc0:SNES_EMU/SNES.INI
0x00106528,$s0,0x001b1128,move,[SOUND SETTINGS]
0x00106534,$s0,0x001b1128,move,[SOUND SETTINGS]
0x00106538,$a0,0x001b1128,move,[SOUND SETTINGS]
0x00106544,$s0,0x001b1128,lui,[SOUND SETTINGS]
0x0010654c,$a1,0x001b1128,lui,[SOUND SETTINGS]
0x0010656c,$a1,0x001b1158,move,ENABLE = %d
0x00106598,$a1,0x001b1168,move,STEREO = %d
0x001065c4,$a1,0x001b1178,move,RATE = %d
0x001065f0,$a1,0x001b1188,move,ALT DECODE = %d
0x0010661c,$s0,0x001b1148,move,[PAD SETTINGS]
0x00106620,$s0,0x001b1148,move,[PAD SETTINGS]
0x00106624,$a0,0x001b1148,move,[PAD SETTINGS]
0x00106630,$s0,0x001b1148,lui,[PAD SETTINGS]
0x00106638,$a1,0x001b1148,lui,[PAD SETTINGS]
0x00106654,$a1,0x001b11b8,move,SHOULDERS = %d
0x00106680,$s0,0x001b11a0,move,[DISPLAY SETTINGS]
0x00106684,$s0,0x001b11a0,move,[DISPLAY SETTINGS]
0x00106688,$a0,0x001b11a0,move,[DISPLAY SETTINGS]
0x00106694,$a1,0x001b11a0,lui,[DISPLAY SETTINGS]
0x001066b0,$a1,0x001b11c8,move,SHOW FRAMERATE = %d
0x001066dc,$a1,0x001b11e0,move,SCREEN MODE = %d
0x00106708,$a1,0x001b11f8,move,GUI_X_POS = %d
0x00106734,$a1,0x001b1208,move,GUI_Y_POS = %d
0x00106760,$a1,0x001b1218,move,PAL_X_POS = %d
0x0010678c,$a1,0x001b1228,move,PAL_Y_POS = %d
0x001067b8,$a1,0x001b1238,move,NTSC_X_POS = %d
0x001067e4,$a1,0x001b1250,move,NTSC_Y_POS = %d
0x00106838,$s0,0x001b11a0,sd,[DISPLAY SETTINGS]
0x0010683c,$s0,0x001b11a0,addiu,[DISPLAY SETTINGS]
0x001068e0,$a2,0x001b1268,addiu,SNES_EMU
0x001069cc,$t3,0x001b0db0,lui,Use the DPad to centre the screen
0x00106a14,$t3,0x001b1278,lui,No PS2 Memory Card present in Slot A
0x00106a4c,$t3,0x001b12a0,lui,Please insert a PS2 memory card
0x00106b20,$a2,0x001b1268,addiu,SNES_EMU
0x00106b58,$t3,0x001b12e0,lui,or press triangle to
0x00106b98,$t3,0x001b1310,lui,Memory Card in Slot A has less than 100KB free
0x00106d1c,$a2,0x001b1350,addiu,SNES_EMU/*.SRM
0x00106d64,$a2,0x001b1360,addiu,SNES_EMU/*.00?
0x00106f2c,$t3,0x001b1370,move,SRAM
0x00106f38,$a1,0x001b1378,addiu,%dKB
0x00106ff4,$t3,0x001b1380,move,Press Square to delete save
0x00107008,$a1,0x001b13c0,addiu,State #%d
0x001071e0,$t3,0x001b13d0,lui,No Game Saves found on memory card
0x001072d8,$a1,0x001b1458,move,SNES_EMU/%s
0x0010738c,$s1,0x001b1488,move,mc0:SNES_EMU/icon.sys
0x001073a4,$a0,0x001b1488,move,mc0:SNES_EMU/icon.sys
0x001073c0,$s1,0x001b1488,move,mc0:SNES_EMU/icon.sys
0x001073d8,$s1,0x001b1488,lui,mc0:SNES_EMU/icon.sys
0x001073e8,$a0,0x001b1488,move,mc0:SNES_EMU/icon.sys
0x001074b8,$a1,0x001b14c0,lui,SNES Station
0x001074d4,$a1,0x001b14d0,move,snes_emu.ico
0x0010750c,$s1,0x001b14a0,move,mc0:SNES_EMU/snes_emu.ico
0x0010751c,$a0,0x001b14a0,move,mc0:SNES_EMU/snes_emu.ico
0x00107530,$s1,0x001b14a0,ld,mc0:SNES_EMU/snes_emu.ico
0x001075ac,$t3,0x001b13f8,sd,Are you sure you want to delete this save ?
0x00107678,$t3,0x001b13f8,move,Are you sure you want to delete this save ?
0x00107c1c,$v1,0x001b14e0,move,amigaModInit !
0x0010b0f4,$a0,0x001b14f0,move,.spc
0x0010e348,$v0,0x001b1b98,lui,Invalid Pro Action Replay code - should be 8 hex digits in length.
0x0010e354,$v0,0x001b1be0,lui,Invalid Gold Finger code.
0x0010e3f4,$v0,0x001b1c00,lui,Invalid Game Genie(tm) code - should be 'xxxx-xxxx'.
0x00113ff4,$a0,0x001b1c38,andi,WRAM: %05x: %02x
0x0011404c,$a0,0x001b1c50,andi,SRAM: %04x: %02x
0x001140f0,$a0,0x001b1c68,lw,IRAM: %05x: %02x
0x0012fb60,$a0,0x001b2420,lw,Op%02X
0x0012fb68,$a0,0x001b2420,addu,Op%02X
0x0012fb6c,$a0,0x001b2420,sw,Op%02X
0x0012fb7c,$a0,0x001b2420,andi,Op%02X
0x0012fd1c,$a1,0x001b2ca0,lui,%02x:%04x %02x       
0x0012fd3c,$a1,0x001b2cb8,move,%02x %02x 
0x0012fdb4,$a1,0x001b2cc8,lui,"moves r%d,r%d"
0x0012fde8,$a1,0x001b2cd8,move,%02x    
0x0012fe24,$a1,0x001b2ce8,lui,"move r%d,r%d"
0x0012fe48,$a1,0x001b2cd8,move,%02x    
0x00133784,$a0,0x001b4678,lui,ERROR fx_plot_obj called
0x001337ac,$a0,0x001b4698,lw,ERROR fx_rpix_obj called
0x0014ea4c,$a1,0x001b6388,lbu,%02d/%02d
0x00150760,$a1,0x001b63b8,addiu,snes9x/LOADZIP.cpp
0x00150780,$a0,0x001b6398,move,%s:%u: failed assertion
0x00150a54,$a0,0x001b6398,move,%s:%u: failed assertion
0x00150a58,$a1,0x001b63b8,addiu,snes9x/LOADZIP.cpp
0x0015151c,$a2,0x001b6410,lw,Found multiple ROM file headers (and ignored them).
0x001515bc,$a0,0x001b6448,addiu,HONKAKUHA IGO GOSEI
0x00151604,$a2,0x001b6460,addiu,Warning! Hacked Dump!
0x00151624,$a0,0x001b6448,addiu,HONKAKUHA IGO GOSEI
0x001516e4,$a2,0x001b6460,lw,Warning! Hacked Dump!
0x0015171c,$a2,0x001b6478,ori,Try specifying the -nhd command line option if the game doesn't work
0x0015199c,$a2,0x001b64c0,lui,ROM image is in interleaved format - converting...
0x001519f0,$a0,0x001b6520,move,.cht
0x00151a58,$a2,0x001b64f8,ori,ROM lied about its type! Trying again.
0x00151bc8,$a1,0x001b6528,lui,YOSHI'S ISLAND
0x00151bf8,$a1,0x001b6538,lui,YUYU NO QUIZ DE GO!GO!
0x00151c34,$a1,0x001b6550,lui,SP MOMOTAROU DENTETSU2
0x00151c50,$a1,0x001b6568,lw,WWF SUPER WRESTLEMANIA
0x00151dcc,$a1,0x001b6580,addiu,TREASURE HUNTER G
0x00151e10,$a0,0x001b6598,addiu,METAL COMBAT
0x00151e4c,$a2,0x001b6460,addiu,Warning! Hacked Dump!
0x00151ea0,$a2,0x001b65a8,lui,No ROM file header found.
0x0015226c,$a2,0x001b64c0,ori,ROM image is in interleaved format - converting...
0x00152410,$a1,0x001b65d0,lw,DAIKAIJYUMONOGATARI2
0x00152460,$a1,0x001b65e8,addiu,Star Ocean
0x001526d0,$a1,0x001b65e8,lui,Star Ocean
0x001526f0,$a1,0x001b65f8,lui,SOUND NOVEL-TCOOL
0x00152794,$a1,0x001b6610,move,DERBY STALLION 96
0x00152b48,$a1,0x001b6640,move,"""%s"" [%s] %s, %s, Type: %s, Mode: %s, TV: %s, S-RAM: %s, ROMId: %s Company: %2.2s CRC32: %08X"
0x00152bac,$a3,0x001b6630,addiu,bad checksum
0x00152d04,$a1,0x001b66b0,lui,THOROUGHBRED BREEDER3
0x00152d34,$a1,0x001b66c8,lui,RPG-TCOOL 2
0x00152d98,$a1,0x001b66d8,lui,ADD-ON BASE CASSETE
0x00152e78,$a1,0x001b66f0,lui,Super Street Fighter
0x00152e94,$a1,0x001b6708,lui,MEGAMAN X
0x00152f58,$a1,0x001b6718,lw,ROCKMAN X
0x00152f68,$a3,0x001b66a0,addu,checksum ok
0x001531e4,$a1,0x001b66f0,addiu,Super Street Fighter
0x00154908,$a0,0x001b6728,lw,TALES
0x001568e8,$v0,0x001b6738,ori,NTSC
0x00156908,$v1,0x001b6740,addiu,120ns
0x00156910,$v1,0x001b6748,move,200ns
0x00156914,$v1,0x001b6748,lbu,200ns
0x00156918,$v0,0x001b6748,lui,200ns
0x00156924,$v0,0x001b6750,lui,HiROM
0x00156938,$v0,0x001b6758,lui,LoROM
0x00156990,$v0,0x001b6768,move,Corrupt
0x001569c8,$a1,0x001b6760,lui,%dKb
0x001569e0,$t0,0x001b6768,move,Corrupt
0x00156a00,$t0,0x001b6768,move,Corrupt
0x00156a08,$v0,0x001b6768,ori,Corrupt
0x00156a5c,$v0,0x001b6848,ori,ROM only
0x00156a74,$a1,0x001b6770,lui,%dMbits
0x00156b50,$a1,0x001b6858,lui,%s+%s
0x00156b54,$a3,0x001b6860,lui,ST-010
0x00156b68,$a3,0x001b6868,lui,ST-018
0x00156b70,$a1,0x001b6858,addiu,%s+%s
0x00156bb0,$a3,0x001b6870,lw,ST-011
0x00156bc0,$a1,0x001b6858,lui,%s+%s
0x00156bd8,$a3,0x001b6878,lui,SPC7110
0x00156be0,$a1,0x001b6858,addiu,%s+%s
0x00156bec,$a3,0x001b6880,lui,SPC7110+RTC
0x00156c98,$a1,0x001b6898,lui,%02x
0x00156cb4,$a1,0x001b68a0,lui,HIGHWAY BATTLE 2
0x00156cd8,$a1,0x001b68b8,lui,THE FLINTSTONES TTOSM
0x00156cfc,$a1,0x001b68d0,lui,UNIRACERS
0x00156d28,$a1,0x001b68e0,move,STAR FOX 2
0x00156da0,$a1,0x001b68f0,lui,WAR 2410
0x00156df4,$a1,0x001b6900,slti,XBAND
0x00156e7c,$a1,0x001b6908,lui,DUNGEON MASTER
0x00156eac,$a1,0x001b6918,lui,CACOMA KNIGHT
0x00156ecc,$a1,0x001b6928,lui,EARTHWORM JIM 2
0x00156ef8,$a1,0x001b6948,lui,CQ  
0x00156f28,$a1,0x001b6958,lui,AVCJ
0x00156f5c,$a1,0x001b6968,lui,BATMAN--REVENGE JOKER
0x00156f78,$a1,0x001b6980,lui,STAR FOX
0x00156fb8,$a1,0x001b69a0,lui,FX SKIING NINTENDO 96
0x00156fec,$a1,0x001b69c8,lui,CHUCK ROCK
0x00157008,$a1,0x001b69d8,lui,RADICAL DREAMERS
0x00157110,$a1,0x001b6a08,lui,LEGEND
0x00157158,$a1,0x001b6a10,lui,ASRJ
0x00157210,$a1,0x001b6a30,lui,WILD TRAX
0x00157284,$a1,0x001b6a48,addiu,DAFFY DUCK: MARV MISS
0x001572c8,$a1,0x001b6a60,lui,ZBPJ
0x001572fc,$a1,0x001b6a68,lui,AEVJ
0x00157330,$a1,0x001b6a70,lui,A2DJ
0x00157358,$a1,0x001b6a78,lui,AZIJ
0x0015738c,$a1,0x001b6a80,lui,ZX3J
0x001573c0,$a1,0x001b6a88,lui,AARJ
0x00157400,$a1,0x001b6a90,lui,A23J
0x0015743c,$a1,0x001b6a98,lui,AIIJ
0x00157478,$a1,0x001b6aa0,lui,AITJ
0x001574b8,$a1,0x001b6aa8,lui,AJ6J
0x001574d4,$a1,0x001b6ab0,lui,AJUJ
0x00157504,$a1,0x001b6ab8,lui,AKAJ
0x0015755c,$a1,0x001b6ac0,lui,AFJJ
0x00157578,$a1,0x001b6ac8,lui,AKFJ
0x001575c0,$a1,0x001b6ad0,lui,AKFE
0x00157630,$a1,0x001b6ad8,lui,ARWJ
0x0015764c,$a1,0x001b6ae0,lui,AVRJ
0x00157688,$a1,0x001b6ae8,lui,AO3J
0x001576c4,$a1,0x001b6af0,lui,AJOJ
0x001576f4,$a1,0x001b6af8,lui,APBJ
0x00157724,$a1,0x001b6b00,lui,AONJ
0x00157760,$a1,0x001b6b08,lui,AEPE
0x00157798,$a1,0x001b6b10,lui,A3GE
0x00157808,$a1,0x001b6b18,move,A4RE
0x00157808,$s0,0x001b6b20,move,AGFJ
0x00157818,$a1,0x001b6b20,move,AGFJ
0x00157818,$s0,0x001b6b20,move,AGFJ
0x00157820,$a1,0x001b6b20,lui,AGFJ
0x00157888,$a1,0x001b6b28,lui,ASYJ
0x0015788c,$s0,0x001b6b20,addu,AGFJ
0x001578a4,$a1,0x001b6b30,lui,AX2J
0x001578d4,$a1,0x001b6b38,lui,A4WJ
0x00157934,$a1,0x001b6b40,lui,AHJJ
0x00157950,$a1,0x001b6b48,lui,SFX 
0x001579a8,$a1,0x001b6b60,slti,WANDERERS FROM YS
0x001579f4,$a1,0x001b6b78,lui,GOGO ACKMAN3
0x00157ac4,$a1,0x001b6b98,lui,SWORD WORLD SFC
0x00157ae0,$a1,0x001b6ba8,lui,ALIENS vs. PREDATOR
0x00157b50,$a1,0x001b6be0,lui,HITOMI3
0x00157b6c,$a1,0x001b6be8,lui,SUPER DRIFT OUT
0x00157ba4,$a1,0x001b6b48,lui,SFX 
0x00157bc8,$a1,0x001b6c10,addiu,LETs PACHINKO(
0x00157c30,$a1,0x001b6c20,lui,FURAI NO SIREN
0x00157c5c,$a1,0x001b6c30,lui,LOVE QUEST
0x00157cd4,$a1,0x001b6c40,lui,NANGOKUSYONEN PAPUWA
0x00157cf4,$a1,0x001b6c58,lui,Tetsuwan Atom
0x00157d70,$a1,0x001b6c68,lui,SFC ODA NOBUNAGA
0x00157d94,$a1,0x001b6c80,addu,Super Batter Up
0x00157e6c,$a1,0x001b6c90,addiu,goemon 4
0x00157e94,$a1,0x001b6ca0,lui,ZENKI TENCHIMEIDOU
0x00157eb8,$a1,0x001b6cb8,lui,GANBA LEAGUE
0x00157ee8,$a1,0x001b6cc8,addiu,SFC 
0x00157f20,$a1,0x001b6cd8,lui,ARWE
0x00157f58,$a1,0x001b6ce0,addiu,AFJE
0x00157f80,$a1,0x001b6ce8,lui,YOSSY'S ISLAND
0x00157fb4,$a1,0x001b6528,lui,YOSHI'S ISLAND
0x00158054,$a1,0x001b6d00,addiu,Stunt Race FX
0x001580e0,$a1,0x001b6d18,lui,ActRaiser
0x001580fc,$a1,0x001b6d28,lui,SOULBLAZER - 1 USA
0x00158118,$a1,0x001b6d40,lui,SOULBLADER - 1
0x0015816c,$a1,0x001b6d60,lui,SLAP STICK 1 JPN
0x00158214,$a1,0x001b6da0,lui,Parlor
0x00158230,$a1,0x001b6da8,lui,HEIWA Parlor!Mini8
0x00158270,$a1,0x001b6dc8,lui,DARK KINGDOM
0x0015828c,$a1,0x001b6dd8,lui,ZAN3 SFC
0x001582a8,$a1,0x001b6de8,lui,HIOUDEN
0x001582e0,$a1,0x001b6df8,lui,FORTUNE QUEST
0x001582fc,$a1,0x001b6e08,lui,FISHING TO BASSING
0x00158318,$a1,0x001b6e20,lui,TokyoDome '95Battle 7
0x0015833c,$a1,0x001b6e38,lui,OHMONO BLACKBASS
0x0015836c,$a1,0x001b6e50,addiu,SANKYO Fever! 
0x001583ac,$a1,0x001b6e68,addiu,GAIA GENSOUKI 1 JPN
0x001583d4,$a1,0x001b6e80,lui,CLAY FIGHTER
0x001583f0,$a1,0x001b6e90,lui,ClayFighter 2
0x0015840c,$a1,0x001b6ea0,lui,MADDEN
0x00158444,$a1,0x001b6eb0,lui,WeaponLord
0x0015846c,$a1,0x001b68f0,lui,WAR 2410
0x00158490,$v0,0x001b6ed0,ldl,THIS SCRIPT WAS STOLEN
0x00158494,$v0,0x001b6ed0,ldr,THIS SCRIPT WAS STOLEN
0x00158498,$v0,0x001b6ed0,ldl,THIS SCRIPT WAS STOLEN
0x0015849c,$v0,0x001b6ed0,ldr,THIS SCRIPT WAS STOLEN
0x001584a0,$a1,0x001b6ec0,lw,RUDORA NO HIHOU
0x001584a0,$v0,0x001b6ed0,lw,THIS SCRIPT WAS STOLEN
0x001584a4,$v0,0x001b6ed0,lh,THIS SCRIPT WAS STOLEN
0x001584c0,$v0,0x001b6ed0,lui,THIS SCRIPT WAS STOLEN
0x001585e0,$a1,0x001b6ef0,lui,PATCH
0x0015e3f8,$a0,0x001b7e68,addiu,R: %04x
0x0015e888,$a0,0x001b7eb0,lui,Timer reset
0x0015e8b4,$a0,0x001b7ec0,lui,H-Timer %04x
0x0015e8d4,$a0,0x001b7ec0,lui,H-Timer %04x
0x0015e8ec,$a0,0x001b7ed0,lui,V-Timer %04x
0x0015e904,$a0,0x001b7ed0,addiu,V-Timer %04x
0x0015e91c,$a0,0x001b7ed0,andi,V-Timer %04x
0x00172784,$a1,0x00410bb8,lbu,SNES-SPC700 Sound File Data v0.30
