address,name,status,confidence,notes
0x00100008,_start,IDENTIFIED,high,Unpacked ELF entry
0x00102ab0,top_level_gui,IDENTIFIED,high,Top-level ROM selector / GUI entry from main flow
0x00104e7c,loadModuleBuffer,RECONSTRUCTED,high,IOP module buffer loader
0x00104f18,main,PARTIAL,high,Boot and top-level application flow substantially mapped
0x00105750,path_config_block,PARTIAL,medium-high,Save/config path construction block
0x0010a840,apu_buffer_allocator,IDENTIFIED,high,APU/audio buffer allocation path
0x0012a400,ppu_vram_cache_invalidate,IDENTIFIED,medium-high,VRAM write/cache invalidation path
0x00142a78,tile_lookup_table_init,RECONSTRUCTED,high,Builds odd/even high/low tile lookup tables
0x00143780,renderer_4bpp_setup,IDENTIFIED,medium-high,Renderer state/setup block
0x00145240,renderer_cache_select,IDENTIFIED,medium-high,Selects tile cache / validity map
0x00151074,CMemory_Init,RECONSTRUCTED,high,Core memory allocator/initializer
0x00151330,per_rom_cleanup,PARTIAL,medium-high,Cleanup path; deliberately not named CMemory::Deinit yet
0x001513bc,CMemory_LoadROM,IDENTIFIED,high,ROM load path proven by failure branch/string
0x00153354,CMemory_LoadSRAM,RECONSTRUCTED,high,SRAM loading path
0x001534b8,CMemory_SaveSRAM,RECONSTRUCTED,high,SRAM saving path
0x00183e04,ConvertTile,RECONSTRUCTED,very-high,2/4/8bpp VRAM-to-64-byte tile converter
0x0018428c,DrawTile,RECONSTRUCTED,very-high,Classic 8-bit tile renderer
0x001845a8,DrawClippedTile,RECONSTRUCTED,very-high,Clipped 8-bit tile renderer
0x00184a40,DrawTilex2,RECONSTRUCTED,very-high,Horizontal x2 tile renderer
0x00184d5c,DrawClippedTilex2,RECONSTRUCTED,very-high,Clipped horizontal x2 renderer; C recovered
0x001851f4,DrawTilex2x2,RECONSTRUCTED,very-high,Horizontal/vertical x2 tile renderer; C recovered
0x00185510,DrawClippedTilex2x2,RECONSTRUCTED,very-high,Clipped x2x2 renderer; C recovered
0x001859a8,DrawLargePixel,RECONSTRUCTED,very-high,Large/mosaic pixel expansion path
0x00185d8c,DrawTile16,RECONSTRUCTED,very-high,Base 16-bit tile renderer; C recovered
0x001860a8,DrawClippedTile16,RECONSTRUCTED,very-high,Clipped base 16-bit renderer; C recovered
0x00186540,DrawTile16x2,RECONSTRUCTED,very-high,16-bit horizontal x2 renderer; C recovered
0x0018685c,DrawClippedTile16x2,RECONSTRUCTED,very-high,Clipped 16-bit x2 renderer; C recovered
0x00186cf4,DrawTile16x2x2,RECONSTRUCTED,very-high,16-bit x2x2 renderer; C recovered
0x00187010,DrawClippedTile16x2x2,RECONSTRUCTED,very-high,Clipped 16-bit x2x2 renderer; C recovered
0x001874a8,DrawLargePixel16,RECONSTRUCTED,very-high,16-bit large/mosaic pixel renderer; C recovered
0x0018789c,DrawTile16Add,RECONSTRUCTED,very-high,16-bit add colour-math tile renderer; C recovered
0x00187bb8,DrawClippedTile16Add,RECONSTRUCTED,very-high,Clipped add colour-math renderer; C recovered
0x00188050,DrawTile16Add1_2,RECONSTRUCTED,very-high,16-bit half-add tile renderer; C recovered
0x0018836c,DrawClippedTile16Add1_2,RECONSTRUCTED,very-high,Clipped half-add renderer; C recovered
0x00188804,DrawTile16Sub,RECONSTRUCTED,very-high,16-bit subtract colour-math renderer; C recovered
0x00188b20,DrawClippedTile16Sub,RECONSTRUCTED,very-high,Clipped subtract renderer; C recovered
0x00188fb8,DrawTile16Sub1_2,RECONSTRUCTED,very-high,16-bit half-subtract renderer; C recovered
0x001892d4,DrawClippedTile16Sub1_2,RECONSTRUCTED,very-high,Clipped half-subtract renderer; C recovered
0x0018976c,DrawTile16FixedAdd1_2,RECONSTRUCTED,very-high,Fixed-colour half-add selector renderer; C recovered
0x00189a88,DrawClippedTile16FixedAdd1_2,RECONSTRUCTED,very-high,Clipped fixed-colour half-add renderer; C recovered
0x00189f20,DrawTile16FixedSub1_2,RECONSTRUCTED,very-high,Fixed-colour half-sub selector renderer; C recovered
0x0018a23c,DrawClippedTile16FixedSub1_2,RECONSTRUCTED,very-high,Clipped fixed-colour half-sub renderer; C recovered
0x0018a6d4,DrawLargePixel16Add,RECONSTRUCTED,very-high,Large/mosaic 16-bit add renderer; C recovered
0x0018adb8,DrawLargePixel16Add1_2,RECONSTRUCTED,very-high,Large/mosaic 16-bit half-add renderer; C recovered
0x0018b43c,DrawLargePixel16Sub,RECONSTRUCTED,very-high,Large/mosaic 16-bit subtract renderer; C recovered
0x0018bac0,DrawLargePixel16Sub1_2,RECONSTRUCTED,very-high,Large/mosaic 16-bit half-sub renderer; C recovered
0x0018c124,get_tree,RECONSTRUCTED,very-high,PKZIP Implode tree-length reader; nibble run format proven
0x0018c1f8,explode_lit8,RECONSTRUCTED,very-high,Implode decoder: coded literals + 8K distance; generic C recovery
0x0018c834,explode_lit4,RECONSTRUCTED,very-high,Implode decoder: coded literals + 4K distance; generic C recovery
0x0018ce70,explode_nolit8,RECONSTRUCTED,very-high,Implode decoder: raw literals + 8K distance; generic C recovery
0x0018d3c4,explode_nolit4,RECONSTRUCTED,very-high,Implode decoder: raw literals + 4K distance; generic C recovery
0x0018d918,explode,RECONSTRUCTED,very-high,PKZIP method-6 dispatcher/tree builder; four-way flags proven
0x0018dc60,ReadByte,RECONSTRUCTED,very-high,Compressed-input refill and byte reader
0x0018dd6c,huft_build,RECONSTRUCTED,very-high,Classic linked-allocation canonical Huffman table builder
0x0018e2e0,huft_free,RECONSTRUCTED,very-high,Frees linked huft allocation chain through dummy predecessor entry
0x0018e318,flush,RECONSTRUCTED,very-high,Flush slide buffer + CRC/output accounting
0x0018e3ac,flush_stack,RECONSTRUCTED,very-high,Flush Shrink stack + CRC/output accounting
0x0018e440,FillBitBuffer,RECONSTRUCTED,very-high,Shared legacy-ZIP bit-buffer refill helper
0x0018e4c0,unReduce,RECONSTRUCTED,very-high,Legacy ZIP Reduce state machine and copy expansion
0x0018e92c,LoadFollowers,RECONSTRUCTED,very-high,Loads 256 probabilistic follower tables
0x0018ea64,unShrink,RECONSTRUCTED,very-high,Legacy ZIP Shrink LZW decoder with partial clearing
0x0018eeb4,partial_clear,RECONSTRUCTED,very-high,Shrink partial-clear helper; callable internal block has no stack prologue
0x0018f010,unzlocal_getByte,RECONSTRUCTED,very-high,unzip 0.15 byte reader; behavior recovered
0x0018f070,unzlocal_getShort,RECONSTRUCTED,very-high,little-endian 16-bit reader; behavior recovered
0x0018f0ec,unzlocal_getLong,RECONSTRUCTED,very-high,little-endian 32-bit reader under -mlong64 ABI; behavior recovered
0x0018f1b8,strcmpcasenosensitive_internal,RECONSTRUCTED,very-high,ASCII case-insensitive filename compare
0x0018f240,unzStringFileNameCompare,RECONSTRUCTED,very-high,case-sensitivity dispatcher; target entry begins before stack adjustment
0x0018f27c,unzlocal_SearchCentralDir,RECONSTRUCTED,very-high,searches backwards for PKZIP end-of-central-directory signature
0x0018f408,unzOpen,IDENTIFIED,very-high,unzip 0.15 archive open/parser; exact target structure layout still pending
0x0018f5e0,unzClose,RECONSTRUCTED,very-high,closes active file then archive handle and frees state
0x0018f638,unzGetGlobalInfo,RECONSTRUCTED,very-high,leaf global-info copy; no conventional prologue
0x0018f654,unzlocal_DosDateToTmuDate,RECONSTRUCTED,very-high,DOS date/time field decoder
0x0018f6cc,unzlocal_GetCurrentFileInfoInternal,IDENTIFIED,very-high,large central-directory entry parser; exact target layouts pending
0x0018fab4,unzGetCurrentFileInfo,RECONSTRUCTED,very-high,thin wrapper around internal current-file parser
0x0018faec,unzGoToFirstFile,RECONSTRUCTED,very-high,resets central-dir position and loads first entry
0x0018fb54,unzGoToNextFile,RECONSTRUCTED,very-high,advances by 46-byte central-dir header plus variable fields
0x0018fbfc,unzLocateFile,RECONSTRUCTED,very-high,linear filename search preserving previous position on failure
0x0018fcec,unzlocal_CheckCurrentFileCoherencyHeader,IDENTIFIED,very-high,validates local PKZIP header against central-directory metadata
0x0018ff6c,unzOpenCurrentFile,IDENTIFIED,very-high,allocates per-file state and initializes compression-method handler
0x001900d4,unzReadCurrentFile,IDENTIFIED,very-high,dispatches Stored/Shrunk/Reduced/Imploded/Deflated read paths
0x00190458,unztell,RECONSTRUCTED,very-high,leaf current uncompressed output position
0x00190474,unzeof,RECONSTRUCTED,very-high,leaf current-file EOF test
0x001904a0,unzGetLocalExtrafield,RECONSTRUCTED,very-high,reads current local-header extra field
0x00190578,unzCloseCurrentFile,RECONSTRUCTED,very-high,"CRC check, inflate teardown and per-file cleanup"
0x00190628,unzGetGlobalComment,RECONSTRUCTED,very-high,reads archive global comment from EOCD+22
0x00190700,compress2,RECONSTRUCTED,very-high,zlib 1.1.3 memory-buffer compressor; target embeds version 1.1.3
0x001907cc,compress,RECONSTRUCTED,very-high,thin compress2 wrapper using default compression level -1
0x001907e8,uncompress,RECONSTRUCTED,very-high,zlib 1.1.3 whole-buffer decompressor
0x001908bc,deflateInit_,RECONSTRUCTED,very-high,thin wrapper supplying method=8 window=15 memLevel=8 strategy=0
0x001908ec,deflateInit2_,RECONSTRUCTED,very-high,zlib 1.1.3 state allocator/initializer; target state size 0x16d8 and allocation flow recovered
0x00190bb4,deflateSetDictionary,RECONSTRUCTED,very-high,preset dictionary setup and hash insertion recovered
0x00190d10,deflateReset,RECONSTRUCTED,very-high,stream/state reset plus tree/LZ init recovered
0x00190dc0,deflateParams,RECONSTRUCTED,very-high,level/strategy transition logic recovered
0x00190ec8,putShortMSB,RECONSTRUCTED,very-high,two-byte pending-buffer writer; leaf function recovered
0x00190ef8,flush_pending,RECONSTRUCTED,very-high,pending output copy/accounting recovered
0x00190fa0,deflate,RECONSTRUCTED,very-high,zlib 1.1.3 main compressor state machine recovered in C; target boundary and PS2 state layout proven
0x00191308,deflateEnd,RECONSTRUCTED,very-high,deflate allocation teardown and status return recovered
0x00191400,deflateCopy,RECONSTRUCTED,very-high,state duplication and pointer rebasing recovered
0x0019165c,read_buf,RECONSTRUCTED,very-high,input copy/adler/total accounting helper recovered
0x0019170c,lm_init,RECONSTRUCTED,very-high,LZ match-state initialization and level table setup recovered
0x001917b0,longest_match,RECONSTRUCTED,very-high,zlib 1.1.3 longest-match search recovered in C; target boundary mapped
0x001919a4,fill_window,RECONSTRUCTED,very-high,zlib 1.1.3 sliding-window refill/renormalization recovered in C
0x00191b64,deflate_stored,RECONSTRUCTED,very-high,zlib 1.1.3 stored-block engine recovered in C
0x00191d4c,deflate_fast,RECONSTRUCTED,very-high,zlib 1.1.3 fast compressor engine recovered in C
0x001921a8,deflate_slow,RECONSTRUCTED,very-high,zlib 1.1.3 lazy-match compressor engine recovered in C
0x0019272c,inflateReset,RECONSTRUCTED,very-high,inflate state reset and block reset recovered
0x00192784,inflateEnd,RECONSTRUCTED,very-high,inflate block/state teardown recovered
0x00192800,inflateInit2_,RECONSTRUCTED,very-high,inflate state allocation / nowrap / window setup recovered
0x00192948,inflateInit_,RECONSTRUCTED,very-high,thin DEF_WBITS wrapper recovered
0x0019296c,inflate,RECONSTRUCTED,very-high,full 14-state zlib 1.1.3 inflate interface state machine recovered
0x00192e60,inflateSetDictionary,RECONSTRUCTED,very-high,preset dictionary verification/install path recovered
0x00192f30,inflateSync,RECONSTRUCTED,very-high,00 00 ff ff sync marker scan and state restart recovered
0x0019304c,inflateSyncPoint,RECONSTRUCTED,very-high,thin inflate block sync-point query recovered
0x00193094,get_crc_table,RECONSTRUCTED,very-high,returns embedded zlib 1.1.3 CRC table at 0x001c8a80; C recovered from target table access/unrolled loop
0x001930a0,crc32,RECONSTRUCTED,very-high,table-driven zlib 1.1.3 CRC32; target uses 64-bit uLong entries under -mlong64; C recovered from target table access/unrolled loop
0x00193298,gz_open,IDENTIFIED,very-high,gzio.c internal open; target allocates 0x80-byte gz_stream and parses mode
0x00193564,gzopen,IDENTIFIED,very-high,gzio.c path open wrapper; calls gz_open with fd=-1
0x00193580,gzdopen,IDENTIFIED,very-high,gzio.c fd wrapper; formats <fd:%d> then calls gz_open
0x001935d8,gzsetparams,IDENTIFIED,very-high,gzio.c compression parameter update; write-mode check and deflateParams path proven
0x00193674,get_byte,IDENTIFIED,very-high,gzio.c buffered byte reader; input refill and EOF path proven
0x0019371c,check_header,IDENTIFIED,very-high,gzio.c gzip header parser; magic/flags/optional fields flow mapped
0x00193914,destroy,IDENTIFIED,very-high,gzio.c cleanup routine; read/write state teardown and file close mapped
0x00193a34,gzread,IDENTIFIED,very-high,"gzio.c reader; transparent path, inflate path, CRC and concatenated gzip handling mapped"
0x00193cd8,gzgetc,IDENTIFIED,very-high,gzio.c one-byte read wrapper; direct call to gzread proven
0x00193d0c,gzgets,IDENTIFIED,very-high,gzio.c line reader; bytewise gzread loop mapped
0x00193dbc,gzwrite,IDENTIFIED,very-high,gzio.c writer; deflate loop and CRC update mapped
0x00193e8c,gzprintf,IDENTIFIED,very-high,gzio.c formatted writer; 0x1070 frame exposes 4096-byte format buffer
0x00193f08,gzputc,IDENTIFIED,very-high,gzio.c one-byte write wrapper; direct gzwrite call proven
0x00193f44,gzputs,IDENTIFIED,very-high,gzio.c string write wrapper; strlen + gzwrite flow proven
0x00193f88,do_flush,IDENTIFIED,very-high,gzio.c internal deflate/output flush loop mapped
0x001940ac,gzflush,IDENTIFIED,very-high,gzio.c public flush wrapper; calls do_flush
0x001940ec,gzseek,IDENTIFIED,very-high,gzio.c uncompressed seek implementation mapped
0x001942d4,gzrewind,IDENTIFIED,very-high,gzio.c read-stream rewind/reset path mapped
0x00194378,gztell,IDENTIFIED,very-high,"gzio.c tell wrapper; calls gzseek(file,0,SEEK_CUR)"
0x00194398,gzeof,IDENTIFIED,very-high,gzio.c EOF leaf; mode check and z_eof return proven
0x001943c0,putLong,IDENTIFIED,very-high,gzio.c four-byte little-endian output helper mapped
0x0019441c,getLong,IDENTIFIED,very-high,gzio.c four-byte little-endian input helper mapped
0x00194498,gzclose,IDENTIFIED,very-high,gzio.c close path; finish flush trailer and destroy flow mapped
0x0019450c,gzerror,IDENTIFIED,very-high,gzio.c error-string builder; z_err/errno/path concatenation flow mapped
0x00194628,inflate_blocks_reset,RECONSTRUCTED,very-high,zlib 1.1.3 block reset; target frees tree/code substate by mode
0x001946e8,inflate_blocks_new,RECONSTRUCTED,very-high,"allocates 0x48-byte block state, 1440 hufts and sliding window"
0x001947d0,inflate_blocks,RECONSTRUCTED,very-high,full ten-state DEFLATE block decoder recovered
0x00195280,inflate_blocks_free,RECONSTRUCTED,very-high,block decoder teardown recovered
0x001952e8,inflate_set_dictionary,RECONSTRUCTED,very-high,copies preset dictionary into inflate window
0x0019532c,inflate_blocks_sync_point,RECONSTRUCTED,very-high,leaf sync-point test; true in LENS mode
0x0019533c,inflate_codes_new,RECONSTRUCTED,very-high,allocates 0x1c-byte literal/length-distance decoder state
0x001953ac,inflate_codes,RECONSTRUCTED,very-high,ten-state literal/length/distance decoder recovered
0x00195b10,inflate_codes_free,RECONSTRUCTED,very-high,leaf decoder-state free wrapper
0x00195b40,inflate_fast,RECONSTRUCTED,very-high,fast literal/length/distance loop recovered
0x00195f80,huft_build,RECONSTRUCTED,very-high,zlib 1.1.3 multi-level Huffman table builder recovered
0x001964d4,inflate_trees_bits,RECONSTRUCTED,very-high,dynamic bit-length Huffman tree builder recovered
0x001965d4,inflate_trees_dynamic,RECONSTRUCTED,very-high,dynamic literal/length and distance trees recovered
0x001967b0,inflate_trees_fixed,RECONSTRUCTED,very-high,leaf fixed-tree selector; target tables at 0x00424870/0x00425870
0x001967e8,inflate_flush,RECONSTRUCTED,very-high,circular-window output flush and checksum update recovered
0x00196980,tr_static_init,RECONSTRUCTED,very-high,empty leaf under target STDC/prebuilt-tree configuration
0x00196988,_tr_init,RECONSTRUCTED,very-high,trees.c deflate Huffman-state initializer recovered; exact target field offsets proven
0x00196a00,init_block,RECONSTRUCTED,very-high,trees.c dynamic-tree frequency reset recovered in C
0x00196a94,pqdownheap,RECONSTRUCTED,very-high,trees.c heap repair helper recovered; target leaf boundary proven
0x00196b98,gen_bitlen,RECONSTRUCTED,very-high,trees.c optimal bit-length generator recovered; 0xc0 target frame and 64-bit accounting proven
0x00196e80,gen_codes,RECONSTRUCTED,very-high,trees.c canonical Huffman-code generator recovered; calls bi_reverse at 0x00198840
0x00196f24,build_tree,RECONSTRUCTED,very-high,trees.c heap/Huffman builder recovered; target calls to pqdownheap/gen_bitlen/gen_codes mapped
0x001971ec,scan_tree,RECONSTRUCTED,very-high,bit-length tree frequency scanner reconstructed
0x001972f4,send_tree,RECONSTRUCTED,very-high,run-length encoded bit-length tree sender reconstructed
0x00197874,build_bl_tree,RECONSTRUCTED,very-high,bit-length tree construction and transmitted-count selection reconstructed
0x00197910,send_all_trees,RECONSTRUCTED,very-high,dynamic Huffman tree header/body sender reconstructed
0x00197bf4,_tr_stored_block,RECONSTRUCTED,very-high,stored-block tree output wrapper reconstructed
0x00197cb0,_tr_align,RECONSTRUCTED,very-high,static-tree empty-block alignment helper reconstructed
0x00197f64,_tr_flush_block,RECONSTRUCTED,very-high,stored/static/dynamic block selection and emission reconstructed
0x001981e8,_tr_tally,RECONSTRUCTED,very-high,literal/distance tally helper reconstructed; leaf boundary was missed by prologue scanner
0x00198308,compress_block,RECONSTRUCTED,very-high,literal/length-distance Huffman stream emitter reconstructed
0x0019879c,set_data_type,RECONSTRUCTED,very-high,ASCII/binary data-type heuristic reconstructed
0x00198840,bi_reverse,RECONSTRUCTED,very-high,bit-reversal helper reconstructed
0x0019886c,bi_flush,RECONSTRUCTED,very-high,bit-buffer partial flush helper reconstructed
0x00198904,bi_windup,RECONSTRUCTED,very-high,bit-buffer byte alignment/final flush helper reconstructed
0x0019897c,copy_block,RECONSTRUCTED,very-high,stored-block byte copier with optional length header reconstructed
0x00198a58,zlibVersion,RECONSTRUCTED,very-high,zutil.c version accessor; target returns embedded 1.1.3 string
0x00198a64,zError,RECONSTRUCTED,very-high,zutil.c error-string lookup recovered; target uses 2-err table index
0x00198a84,zcalloc,RECONSTRUCTED,very-high,zlib allocation wrapper; ignores opaque and forwards items/size to allocator
0x00198aa4,zcfree,RECONSTRUCTED,very-high,zlib free wrapper; ignores opaque and forwards pointer to free
0x00198ac0,adler32,RECONSTRUCTED,very-high,Adler-32 recovered; BASE=65521 NMAX=5552 and 16-byte unrolled accumulation proven in target
0x00198c58,graphics_wrapper_entry_A,IDENTIFIED,high,near-duplicate graphics wrapper; calls 0x00199590 then 0x00198d78 with default 320x240 display setup
0x00198cc8,graphics_wrapper_entry_B,IDENTIFIED,high,near-duplicate graphics wrapper; same call/default pattern as 0x00198c58
0x00198d78,graphics_display_init,PARTIAL,high,stores display parameters; resets GS CSR at 0x12001000 and enters CRT/privileged-register setup
0x00199070,gs_privileged_display_program,PARTIAL,high,packs width/height/display offsets and writes a 64-bit privileged display value to 0x12000080
0x0019be70,CDVD_Init,IDENTIFIED,high,CDVD RPC initialization
0x0019cc0c,SifInitRpc,IDENTIFIED,high,PS2 RPC init
0x0019d600,SifLoadModule,IDENTIFIED,high,IOP module path loader
0x0019d63c,SifAllocIopHeap,IDENTIFIED,high,IOP heap allocator RPC
0x0019d6b8,SifFreeIopHeap,IDENTIFIED,high,IOP heap free RPC
0x0019d740,SifIopReset,IDENTIFIED,high,IOP reset wrapper
0x0019e388,printf,IDENTIFIED,high,Varargs stdout formatter
0x0019e3d0,sprintf_like,IDENTIFIED,high,Varargs destination formatter
0x0019e414,puts_like,IDENTIFIED,high,Writes string bytes to fd 1
0x001a08ec,mcInit,IDENTIFIED,high,Memory-card RPC initialization
0x001a9e88,operator_new,IDENTIFIED,high,C++ allocation/new-handler loop
0x001acd04,WRITE_4PIXELS,RECONSTRUCTED,very-high,Normal 4-pixel writer
0x001ace28,WRITE_4PIXELS_FLIPPED,RECONSTRUCTED,very-high,Flipped 4-pixel writer
0x001acf4c,WRITE_4PIXELSx2,RECONSTRUCTED,very-high,Horizontal x2 4-pixel writer
0x001ad090,WRITE_4PIXELS_FLIPPEDx2,RECONSTRUCTED,very-high,Flipped horizontal x2 writer
0x001ad1d4,WRITE_4PIXELSx2x2,RECONSTRUCTED,very-high,8-bit x2x2 pixel writer; C recovered
0x001ad398,WRITE_4PIXELS_FLIPPEDx2x2,RECONSTRUCTED,very-high,Flipped 8-bit x2x2 pixel writer; C recovered
0x001ad55c,WRITE_4PIXELS16,RECONSTRUCTED,very-high,Normal 16-bit 4-pixel writer; C recovered
0x001ad684,WRITE_4PIXELS16_FLIPPED,RECONSTRUCTED,very-high,Flipped 16-bit 4-pixel writer; C recovered
0x001ad7ac,WRITE_4PIXELS16x2,RECONSTRUCTED,very-high,Normal 16-bit horizontal x2 writer; C recovered
0x001ad8f4,WRITE_4PIXELS16_FLIPPEDx2,RECONSTRUCTED,very-high,Flipped 16-bit horizontal x2 writer; C recovered
0x001ada3c,WRITE_4PIXELS16x2x2,RECONSTRUCTED,very-high,Normal 16-bit x2x2 writer; C recovered
0x001adc34,WRITE_4PIXELS16_FLIPPEDx2x2,RECONSTRUCTED,very-high,Flipped 16-bit x2x2 writer; C recovered
0x001ade2c,WRITE_4PIXELS16_ADD,RECONSTRUCTED,very-high,Normal ADD colour-math writer; masks/table proven in binary
0x001ae2c0,WRITE_4PIXELS16_FLIPPED_ADD,RECONSTRUCTED,very-high,Flipped ADD colour-math writer
0x001ae754,WRITE_4PIXELS16_ADD1_2,RECONSTRUCTED,very-high,Normal half-ADD colour-math writer
0x001aeb58,WRITE_4PIXELS16_FLIPPED_ADD1_2,RECONSTRUCTED,very-high,Flipped half-ADD colour-math writer
0x001aef5c,WRITE_4PIXELS16_SUB,RECONSTRUCTED,very-high,Normal SUB colour-math writer; 0x8420/0xfbde signature proven
0x001af310,WRITE_4PIXELS16_FLIPPED_SUB,RECONSTRUCTED,very-high,Flipped SUB colour-math writer
0x001af6c4,WRITE_4PIXELS16_SUB1_2,RECONSTRUCTED,very-high,Normal half-SUB colour-math writer
0x001afa88,WRITE_4PIXELS16_FLIPPED_SUB1_2,RECONSTRUCTED,very-high,Flipped half-SUB colour-math writer
0x001afe4c,WRITE_4PIXELS16_ADDF1_2,RECONSTRUCTED,very-high,Normal fixed-colour half-ADD selector writer
0x001b008c,WRITE_4PIXELS16_FLIPPED_ADDF1_2,RECONSTRUCTED,very-high,Flipped fixed-colour half-ADD selector writer
0x001b02cc,WRITE_4PIXELS16_SUBF1_2,RECONSTRUCTED,very-high,Normal fixed-colour half-SUB selector writer
0x001b052c,WRITE_4PIXELS16_FLIPPED_SUBF1_2,RECONSTRUCTED,very-high,Flipped fixed-colour half-SUB selector writer
